id,name,sex,age,income,workin_hour,contract
ZS48SZ,Isabelle Le Maillet,F,31,603.31,16.2,3
ND40SY,Laurent de Dupuy,M,36,0.0,24.0,2
EA97WC,Lucas Blanchet-Pires,M,44,2243.7,49.5,1
BG45AF,Arthur Vasseur-Peron,M,38,298.61,6.6,3
LM30DM,Philippe Pelletier,M,36,501.57,12.8,3
EM70YY,Jacqueline Mahe de la Lelievre,F,33,0.0,23.7,2
ZF31NG,Pénélope-Audrey Traore,F,68,1362.15,26.9,2
UC00ZI,Roland Bernard-Boucher,M,30,616.2,4.1,3
WH37SC,René Costa de Fleury,M,37,2325.86,35.5,1
GB92LG,Honoré Mendes,M,35,658.09,0.0,3
KW70XQ,Gabrielle Clerc,F,42,2363.43,33.8,1
BW50CV,Noël Delorme,M,32,1291.27,24.1,2
HZ38JB,Marianne Ledoux-Ledoux,F,32,1284.17,22.7,2
VI18RJ,Sylvie Lesage-Lacroix,F,34,1441.89,22.9,2
WS59ST,Adrienne Hamon,F,40,1447.38,24.0,2
YR15VD,Susanne Munoz,F,47,1735.5,51.3,1
RL62IM,René Bouvier,M,34,631.86,21.4,3
BF53MF,Simone Gay de la Chartier,F,38,1280.44,29.2,2
DA62LK,Michel Lambert-Courtois,M,34,524.18,24.7,2
FS75LR,Sabine Roche,F,54,1830.53,42.7,1
BI61QJ,Philippe Fernandes,M,30,1728.15,42.3,1
AH20WT,Maggie Bonnin,F,33,601.65,5.5,3
JZ72GI,Gabriel Morvan,M,31,1752.81,36.0,1
NR19YZ,Sylvie-Marthe Legrand,F,30,1683.36,43.1,1
EX26NB,Margaret Tanguy,F,32,1735.13,37.5,1
QD67TV,Philippe Bertin,M,31,1671.27,35.3,1
ZC68KJ,Joseph-Marc Bouvet,M,35,1909.46,40.1,1
WW61QG,Jérôme Mace,M,34,1647.36,42.5,1
AO33YG,Raymond Legendre,M,42,894.64,24.2,2
VT68EB,Marc-François Guibert,M,37,812.26,28.2,2
LO43IG,Nicolas Gregoire,M,34,602.31,0.0,3
QW34GO,Brigitte Lefebvre,F,32,1951.24,42.8,1
QP37WO,Manon Mary,F,40,672.62,23.0,3
TB43SY,Marc de Robin,M,34,1369.43,22.2,2
JF79HD,Tristan Delaunay,M,43,2029.45,49.0,1
DE14EG,Émilie Noel,F,68,1050.94,24.1,2
ZB22DT,Olivier Ledoux,M,38,1449.01,24.0,2
BG35OK,Frédéric-Noël Guillou,M,32,1929.08,49.4,1
DC68KS,Christiane Roche,F,32,1881.82,46.4,1
WA93QG,Audrey de Pons,F,35,626.82,6.2,3
IK98FQ,Laure Pages,F,31,673.42,3.4,3
FE82XI,Marcelle Bertrand de Lacroix,F,31,509.88,4.9,3
XG18AG,Théophile Lecoq,M,34,639.66,1.7,3
WW85IL,Gabriel Faivre,M,34,1878.57,47.9,1
SK64HU,Joseph Clerc,M,37,668.8,9.4,3
WC70DT,Dominique Rodrigues-Marie,F,32,659.85,9.5,3
IJ07MK,Léon Joubert,M,32,865.46,22.4,2
QD94FG,Jacqueline Da Silva,F,46,607.06,6.3,3
LV96MC,Bertrand-Thierry Bodin,M,31,626.07,3.9,3
TG91LG,Roland Lacombe-Techer,M,39,1215.17,25.9,2
OC36OI,Christiane Le Coulon,F,31,544.27,11.8,3
YP39IA,Nathalie Marchal,F,35,1206.15,33.2,2
OZ77IC,Louise Bonnet,F,33,1666.7,33.6,1
EI03HJ,Sébastien Lambert Le Verdier,M,68,1347.24,21.5,2
CE29MR,Alix-Bernadette Leroy,F,37,372.41,6.4,3
MZ01LN,Michel Seguin,M,68,1324.92,21.5,2
CZ78CS,Françoise-Andrée Barbe,F,65,540.66,0.6,3
MH98AH,Constance Olivier,F,68,1865.94,53.8,1
JP29AP,Adrien-Jacques Delannoy,M,31,1258.62,26.9,2
CR98DQ,Clémence Robin,F,32,2053.22,35.7,1
ZE59OK,Lucy Gaillard,F,32,2025.47,48.9,1
CJ79VK,Alexandre Lefort,M,31,2356.61,31.6,1
OU84JW,Laurent Fouquet,M,41,1902.74,42.4,1
VH73XM,Agnès Mahe de la Loiseau,F,33,2155.15,37.8,1
ZQ33GS,Danielle Renaud de la Raynaud,F,35,1312.41,20.7,2
LZ45MH,Marcelle Hoareau,F,31,1939.86,36.6,1
MJ96AY,Françoise Roy,F,32,1264.12,18.6,2
CH97MH,Geneviève Francois,F,41,642.66,29.9,2
SE24HW,Patrick Leclercq,M,39,648.86,2.2,3
QM59SD,Thibault Charpentier,M,39,1632.55,39.2,1
HP29SS,Étienne Gilles,M,48,217.07,9.3,3
PU28RX,Louise Laurent,F,45,480.64,8.7,3
MH54DS,Jeannine Bonnet,F,42,530.08,5.7,3
HD56KH,Charlotte Lacroix,F,48,543.21,0.1,3
DA58NM,Philippe Aubert,M,32,608.59,1.3,3
IN86HO,Marc de Huet,M,62,1176.98,30.0,2
GI23YF,Thierry Barthelemy,M,68,673.62,12.5,3
MF73BX,Arthur Becker,M,68,714.93,27.9,2
YR22HW,Mathilde Delorme,F,43,1114.1,25.8,2
TH93HJ,Honoré de la Marechal,M,48,1412.2,21.8,2
GP40TK,Margaux Royer-Besson,F,48,1461.31,30.6,2
YZ21MJ,André Bouvier du Da Silva,M,33,1727.59,41.4,1
JX62HN,Marcelle Valette,F,31,313.09,3.3,3
EW46QD,Benjamin Georges de Martinez,M,37,445.12,3.1,3
QR70NO,Xavier Bonneau,M,34,1398.65,28.4,2
IA20JN,Théodore Brun,M,48,1310.52,18.6,2
UE34CU,Lucy-Susanne Ramos,F,33,1686.95,40.0,1
HD65VS,Claire Evrard,F,44,447.16,12.1,3
MI59WN,Roger du Bazin,M,41,1259.93,29.1,2
RK89JO,Grégoire Delahaye,M,68,394.46,0.0,3
DE02CW,Hugues de la Lombard,M,36,1458.21,22.6,2
ZG27EE,Amélie Royer Le Guillon,F,32,2133.97,54.6,1
MD32NB,Martine Gallet,F,39,1809.36,42.9,1
VC65UA,Noël Alves,M,39,523.52,12.6,3
RZ53UT,Vincent Le Rey,M,44,686.94,7.8,3
MM76CZ,Olivier Perrot,M,65,589.03,10.2,3
ZY08JK,Henri Garnier-Muller,M,32,675.41,7.3,3
LX04CF,Laurent Prevost du Jourdan,M,31,502.98,13.6,3
UJ94UI,Maggie Paris,F,42,1710.84,35.8,1
XV25TR,Marc Schneider-Neveu,M,34,410.65,0.9,3
LC92RN,Marthe Laine,F,38,669.87,11.4,3
IJ33AR,Camille Bernard,F,31,1269.27,25.7,2
PH83EI,Claire Bigot du Da Silva,F,35,1460.99,30.2,2
OS82SX,Jacques Lenoir de la Mathieu,M,33,0.0,14.9,2
OV37EA,Auguste Rossi,M,39,1632.27,31.8,1
RG89XM,Édouard Bruneau-Hubert,M,33,577.92,7.1,3
JJ63RB,Raymond Morin,M,34,1792.51,40.9,1
KK75WE,Lorraine Faivre,F,30,1049.7,18.5,2
YO36QA,Jeannine Aubert,F,33,596.25,22.0,2
DS60AD,Éric Bourgeois,M,33,1773.86,48.3,1
FE93FZ,Victoire Delmas,F,35,1429.95,26.1,2
WM65PJ,Lucas-Matthieu Regnier,M,36,1295.55,25.5,2
VS31TE,Alix Adam,F,42,1236.71,20.6,2
ED89LU,Aurore Samson,F,34,566.08,4.7,3
GI63SD,Édouard Loiseau,M,51,661.84,9.7,3
KO72SZ,Édouard Germain,M,32,459.86,21.0,2
BX15XM,Juliette Legrand de la Brunel,F,40,443.33,6.4,3
KU07XN,Josette Pelletier de Hernandez,F,33,1860.45,34.0,1
JC72NV,Danielle Fernandez,F,31,1708.08,40.2,1
OX05XZ,Claude Roussel,F,35,1088.27,25.4,2
JJ27MN,Stéphanie Paris,F,45,1401.79,31.5,2
NY83BN,Vincent Philippe Le Rousseau,M,31,1705.59,43.4,1
BN30RI,Laurent Jacques de la Jourdan,M,43,611.09,7.8,3
RJ70WB,Françoise-Dorothée Charles,F,48,689.0,6.2,3
CI30QX,Zoé Hoareau,F,32,1675.78,38.9,1
BH32CE,Alphonse Noel,M,34,1785.2,46.0,1
UQ56RO,Hugues-Zacharie Potier,M,33,1809.31,39.9,1
KK73FA,Suzanne Robin,F,32,1782.88,40.1,1
BJ28FO,Théodore Bourgeois,M,68,105.19,26.3,2
PN12PI,Patrick du Guibert,M,37,677.71,0.0,3
OW78WB,Maurice Guerin Le Bernier,M,33,485.19,5.5,3
MU52IY,Paulette-Brigitte Peltier,F,50,640.11,10.0,3
OE41BX,Adélaïde Paul-Poirier,F,56,572.08,0.0,3
IQ77ED,Édith Goncalves,F,42,1396.92,23.7,2
ER04IU,Julien Petit de Rousseau,M,34,457.55,22.3,2
NP37JL,Inès Benoit,F,48,665.15,4.4,3
ET53OS,Odette Gallet,F,33,1380.89,24.0,2
BG66OP,Sébastien Delorme-Gaudin,M,31,2285.18,38.5,1
LH47ML,Pierre Arnaud,M,32,1324.68,21.6,2
IZ53XM,Denise Faivre,F,37,1304.37,15.1,2
HH76GI,Jeannine Royer,F,32,2258.57,50.9,1
QI45EC,Roger Valentin,M,37,1761.68,41.4,1
RJ83AZ,Maggie Delahaye,F,68,0.0,3.7,3
YL71BD,Adrienne Vaillant de Courtois,F,50,2118.67,36.8,1
HF67GG,Diane Guyot,F,32,333.14,14.0,3
TD35RR,Lorraine-Anaïs Martinez,F,38,1871.5,43.4,1
IJ91ML,Adrien Masse,M,36,1349.7,21.5,2
GZ05AA,Patricia Michaud de Moulin,F,53,1673.73,29.5,1
IC74WL,Laurent Monnier,M,56,1045.61,25.8,2
YG32XM,Paulette Pinto de Costa,F,40,1793.57,35.7,1
GJ71JU,Paul Briand,M,38,666.36,5.6,3
WW20UC,Margot Blin-Perrier,F,31,1013.15,28.2,2
HC60NZ,Henriette Schneider,F,30,1680.72,31.2,1
IF33UW,Marie Hamon,F,33,1829.93,40.8,1
CN93WG,Nathalie Lamy,F,32,1732.1,37.9,1
WC83OX,Alexandre Mace,M,34,1280.37,26.4,2
AB85YE,Margaud Fontaine,F,36,681.86,7.8,3
UT54RC,Henri Joly,M,51,3325.65,41.5,1
EF49JY,Manon-Simone Cousin,F,33,2014.03,47.0,1
UD63EK,Honoré Duhamel-Traore,M,38,1004.7,28.4,2
SW22SO,Joséphine Delattre,F,32,1352.42,26.1,2
HT75SW,Eugène Bertrand,M,42,315.58,0.0,3
FI12BN,Anne-Paulette Valette,F,35,611.34,11.1,3
AO33WG,Martine Louis-Valette,F,36,1285.04,29.3,2
EC76GN,Célina Fernandez,F,35,1723.81,38.4,1
AF88UN,Olivier de Royer,M,37,1265.92,26.8,2
XG39MM,Andrée-Camille Rolland,F,33,652.95,0.0,3
UP72BH,Geneviève Chretien-Deschamps,F,35,1773.16,40.4,1
ZG66SF,Xavier-Jacques Pineau,M,31,630.54,8.1,3
MX63HT,Alix Launay,F,31,679.57,8.7,3
PK67BN,Gabrielle Leleu,F,52,656.44,2.0,3
NW40VK,Eugène Leclercq du Dubois,M,35,1782.51,36.9,1
YO65TZ,Geneviève Gilles,F,46,1403.72,23.0,2
ID65BI,Corinne-Christelle Couturier,F,35,1718.15,33.1,1
IK73LK,Étienne Briand,M,32,3578.87,45.7,1
TD78JZ,Manon Vincent,F,42,1720.92,28.0,1
WN17RC,Aimé Besnard,M,43,1424.78,28.7,2
CY43DJ,Jacqueline Besnard,F,36,679.27,4.4,3
QC99UL,Christophe Lagarde,M,68,2068.34,43.8,1
JV35HV,Adrien Carpentier,M,30,334.56,25.7,2
LU77TN,Alphonse Lecomte,M,31,1475.2,34.6,2
FV19HZ,Marcel Leroux,M,35,1739.87,42.6,1
UW00JG,Thibaut Sauvage de Grenier,M,37,1185.61,26.4,2
QE64HE,Aimé de Pottier,M,35,436.32,10.8,3
NB28SY,Henriette Nicolas,F,55,532.96,1.7,3
TQ71RG,Christine Adam,F,40,2639.3,31.3,1
VK57PG,Dominique de la Robin,F,42,649.89,16.9,3
NF51GI,Madeleine Valentin,F,68,1358.67,23.2,2
QW09LT,Nicolas Deschamps,M,35,662.24,13.5,3
XQ61KA,Michel Barthelemy,M,43,560.23,23.5,2
YV11ET,Claudine Besson-Denis,F,38,1340.4,20.0,2
VX46EA,Sébastien Durand,M,63,297.22,8.1,3
PD79KQ,Jeanne-Madeleine Blot,F,51,0.0,26.4,2
VH18ER,Françoise Colin,F,42,664.62,7.2,3
JP82UT,Paul Launay,M,33,1798.03,41.4,1
ZK72IW,Jérôme Gillet,M,37,1133.1,27.9,2
ZR26QE,Augustin Leblanc,M,45,679.73,11.1,3
NX87RY,Inès Charles,F,34,680.85,6.4,3
CU81RH,Antoine de Ledoux,M,35,1041.61,23.1,2
ST19KZ,Susan de Munoz,F,68,2855.66,33.7,1
WA75PH,Camille Richard,F,54,2884.91,42.6,1
NU13BD,Sylvie Coste,F,68,402.9,0.3,3
UR78AV,Agathe Leleu,F,31,1755.91,40.0,1
QM00JR,Léon Gauthier,M,35,1776.62,37.6,1
YH53GQ,Thibaut Daniel,M,39,510.94,25.4,2
XY68NM,Alphonse Durand,M,46,669.72,9.7,3
SN22ZF,Lucas Ruiz,M,35,683.04,5.2,3
DD61IN,Olivie Hoareau,F,33,633.79,0.0,3
WI48UV,Marthe Leveque,F,50,972.81,19.4,2
XO15LU,Audrey Lefort-Lacombe,F,67,1448.24,21.7,2
FB15TF,Sophie Fleury de Cordier,F,40,560.4,10.5,3
WZ27PD,Denise Menard-Perret,F,42,0.61,24.8,2
SG39NR,Renée Fabre-Moreno,F,31,103.51,23.1,2
EW16KK,Marcel-Alexandre Lacombe,M,64,1793.78,34.3,1
HL40RM,Marine Delmas-Berthelot,F,44,1668.43,37.5,1
VA30YO,Benoît-Bernard Maillot,M,50,654.1,10.2,3
CP41AE,Daniel Lenoir-Martins,M,48,1979.89,42.1,1
GK26WA,Célina-Danielle Hamel,F,39,530.42,21.2,2
SE26VG,Christine Pottier,F,38,666.13,1.5,3
AN57LI,Antoine du Lefevre,M,40,1881.05,38.9,1
WW47ND,Charles-Isaac Huet,M,68,882.6,22.3,2
OX23NG,Robert De Oliveira,M,33,193.93,23.8,2
YR99CK,Henriette-Nath Riviere,F,67,603.59,29.2,2
GJ69PS,Dominique Le Lemaire,F,32,1689.96,49.1,1
WT94GU,Jérôme Diaz,M,43,1166.67,19.9,2
VH77ZY,Margaux Besnard,F,33,648.41,0.8,3
AX68QZ,Catherine Martin,F,46,201.53,0.0,3
DG44MK,Bernard Le Fleury,M,68,435.98,3.5,3
AV69PZ,Laurent Leclerc Le Thomas,M,33,573.33,4.1,3
CZ12UV,Arnaude Baron,F,46,1639.73,39.0,1
LO47TM,Sabine du Dupuy,F,44,423.86,6.5,3
RX59IM,Susan Aubert-Guyot,F,31,604.21,9.0,3
SG84SX,Véronique Pierre,F,42,419.2,7.7,3
YT32ET,Charles de la Duval,M,36,1736.7,39.5,1
LU52JE,Élise-Pénélope Ledoux,F,34,561.29,9.3,3
ZW14FE,Paul Perrier,M,42,572.59,0.1,3
SE39OO,Stéphane Dos Santos,M,40,1264.95,19.9,2
ZR62MU,Étienne Gomez,M,34,2892.29,41.1,1
XA52PT,Théophile Rodriguez,M,32,621.09,5.1,3
OT64ZE,Inès Morel,F,31,1428.91,24.9,2
KT23SP,Bernadette Vallee,F,30,88.02,0.0,3
BG68JV,Édouard Fabre,M,35,1001.32,33.0,2
WM91IO,Laure Diallo,F,57,542.55,25.3,2
NR96MZ,Olivier Guyot,M,37,673.4,10.3,3
NI82BS,Pauline Le Charles,F,51,306.88,25.5,2
MI61QX,Victoire Leduc,F,45,556.38,10.0,3
XP93MY,Gabriel Bonnin,M,34,438.9,9.5,3
DX99RS,Arthur Mathieu,M,33,1223.61,26.5,2
LO99OG,Gabrielle Pages,F,38,1348.6,16.9,2
QV14WA,Aurélie de Robert,F,49,1386.15,18.6,2
IK11DV,Jacqueline Maurice,F,32,1818.15,38.8,1
JB12WG,Michelle Bertin,F,33,650.96,6.8,3
XJ71IM,Frédérique Delahaye,F,36,1357.47,15.0,2
GM09GX,Chantal Gaudin,F,43,2046.93,41.7,1
JH81YT,Olivie Couturier,F,34,457.77,9.8,3
HW57BF,Hugues Pinto,M,48,1707.96,49.4,1
CR87JR,Martin Bruneau,M,32,1667.86,45.2,1
BN48CM,Thibault de Petitjean,M,35,630.24,32.6,2
LX21AN,Lorraine Joly de Pasquier,F,41,1073.61,21.7,2
MG47VG,Monique Jean de la Colin,F,46,1416.01,22.7,2
GT32GZ,Marcelle de Breton,F,31,0.0,10.5,3
JS76YC,Nicolas Colin du Hoareau,M,39,465.62,6.8,3
ZR67OM,Margaud De Oliveira du Faivre,F,40,1211.96,24.5,2
LR78UK,Daniel Wagner,M,38,570.59,2.3,3
YN57AH,Hortense Lemoine,F,35,1734.52,38.2,1
CS43PI,Aimée-Célina Carre,F,32,605.81,5.5,3
JF26AL,Marianne de la Fournier,F,36,684.82,11.1,3
SM97DC,Odette Pruvost,F,47,2360.21,37.5,1
FG24UV,Victoire Durand,F,45,563.72,2.1,3
FY78GW,Eugène Martin Le Legros,M,53,27.2,4.0,3
WA84LA,Laurence Marchand,F,32,1653.47,33.7,1
OV13XH,Marc Mahe,M,33,1001.65,28.1,2
PV55NL,Étienne Carpentier,M,38,225.51,9.3,3
TK12KZ,Denise Toussaint,F,31,1135.23,22.8,2
NI87IN,Guillaume Payet,M,37,1220.84,20.6,2
RP45TY,Léon Weiss,M,32,1121.37,25.6,2
YD84KF,Madeleine Dupre,F,35,1799.01,48.7,1
UB67UB,Stéphane-Marc Paul,M,49,0.0,20.7,2
UC26OT,Vincent Baudry-Weber,M,36,833.83,23.0,2
KO05LK,Bertrand Chauvin,M,35,1807.31,37.2,1
FK25CM,Léon Vallet-Dos Santos,M,55,515.41,1.5,3
ZS56ST,Nath De Oliveira,F,31,1686.52,43.7,1
ZP62ID,Denis Robert,M,68,108.85,8.5,3
ZG88CO,Laurent Besson,M,36,1687.85,46.1,1
XT40GM,René-Théophile Marchand,M,34,1287.58,35.0,2
OK82YF,Pierre Bouchet,M,33,612.68,11.6,3
RJ76TK,Julien Lopes,M,32,682.11,10.6,3
LN02OF,Audrey Tessier,F,32,1773.76,44.8,1
SK23WJ,Clémence Roche,F,45,676.75,28.8,2
VF36UP,Alain Dufour,M,40,505.62,23.1,2
DT26OH,Éric Carlier,M,37,1678.65,45.1,1
PD77IL,Josette Wagner,F,53,807.03,24.5,2
YK54AM,Grégoire-Timothée Monnier,M,68,985.25,20.3,2
UP16HA,Olivie Guerin,F,35,3158.58,32.0,1
WZ44QC,Édouard du Michaud,M,48,322.07,0.9,3
GB33RT,Hélène de Bousquet,F,39,2073.31,39.0,1
CS48WU,Adèle Boyer,F,31,1076.11,22.2,2
GO88DD,Xavier Gregoire-Ribeiro,M,50,1894.92,45.1,1
RR47OP,Thierry Laporte,M,36,610.62,9.7,3
FM06BE,Maryse Bouvier,F,41,1658.4,33.7,1
IZ90GX,Frédéric Lejeune,M,35,1355.45,22.5,2
BT06EY,Henri Roche,M,31,604.16,1.3,3
BI88OD,Noël Andre de la Peron,M,37,451.51,4.8,3
LB45GO,Laurence-Paulette Pinto,F,40,609.55,6.7,3
AC26UM,Jules Chevalier,M,68,1711.63,30.4,1
OV07OK,Émile Vincent,M,46,2126.09,27.0,1
HV63IN,Lucy-Laetitia Henry,F,35,0.0,26.0,2
KJ07HX,Xavier du Collet,M,33,1324.93,30.2,2
ND32LI,Daniel Launay de la Morvan,M,41,632.74,8.6,3
KM12OD,Sabine du Grenier,F,36,1302.76,25.3,2
KL50TP,Patricia Caron,F,33,1313.96,26.3,2
WS64WL,Zacharie Martel-Renault,M,32,1749.26,30.8,1
UW53NG,Margaux Lagarde,F,33,320.4,24.6,2
KZ17WC,Nath Roy,F,39,669.27,6.5,3
OP92VV,Grégoire-Henri Lambert,M,32,1746.92,40.8,1
QE44EJ,Véronique Maurice,F,38,1295.1,20.7,2
DF01TZ,Patricia Bernard,F,68,1682.0,59.3,1
RJ92VY,Élodie Pascal,F,30,1819.31,43.0,1
MC74CF,Stéphanie Chartier,F,59,1091.44,27.8,2
MU20PD,Christelle Lefevre-Allard,F,41,593.62,8.4,3
YT24HD,Gilbert de Joseph,M,38,1859.73,42.3,1
GX73ML,Susanne-daisy Laroche,F,31,2128.57,45.7,1
MJ33ZU,Guy Charpentier-Leger,M,66,1426.2,27.1,2
XI45XK,Simone Alves,F,47,489.85,14.1,3
RK01DY,Marcel Gosselin,M,33,221.4,28.6,2
JL09UK,Eugène Peron,M,46,972.33,24.8,2
MP19KK,Christophe Simon du Albert,M,63,669.16,6.8,3
MZ44KH,Étienne Mendes du Grondin,M,31,1998.15,34.6,1
QJ33ZY,Joseph-Rémy Blot,M,46,633.82,16.5,3
MI06OH,Patricia Hoareau,F,34,663.73,0.0,3
XP98GV,Élise Lemaitre,F,35,604.46,10.0,3
CU34XJ,Laurent Bailly,M,64,1424.14,18.2,2
WY46OY,Jacques Brunel,M,43,651.62,12.6,3
WL83RI,Brigitte Guilbert,F,43,1367.29,27.0,2
GS66WT,Alice Mahe,F,41,525.04,7.1,3
SK22HJ,Jeannine-Océane Humbert,F,35,656.04,10.1,3
LF71HB,Nicole Bigot,F,60,659.97,13.2,3
CV78UP,Jacques de la Aubry,M,33,976.11,26.0,2
JJ26XE,Robert Le Gall-Bourdon,M,33,1855.06,47.9,1
FT94GO,Lorraine Guillet,F,33,1746.06,35.9,1
BQ45NJ,Agnès Ledoux,F,43,518.61,2.5,3
YM57HL,Pierre Salmon,M,33,650.83,8.4,3
MY96QE,Thomas Chauveau,M,41,608.69,10.7,3
XJ02VF,Adrien Durand,M,32,670.48,2.7,3
PX72BA,Martin Carlier,M,32,1716.76,45.8,1
DZ29ER,Georges Morvan,M,31,1650.67,31.5,1
GP26DU,Brigitte Guillon-Ferreira,F,34,1372.44,26.2,2
ZY76NH,Timothée-Jacques Alves,M,48,327.9,6.2,3
OM77EX,Anne-Lucie Martineau,F,32,236.81,22.9,2
ZM84TB,Sabine Guillot,F,32,1251.5,32.2,2
FS40FP,Claude Carpentier,F,55,1033.87,31.1,2
FP99ST,Isabelle Gauthier,F,47,374.87,4.9,3
MV24HG,Émile Grondin du Petitjean,M,34,1719.5,41.1,1
WM38CB,Thérèse Potier,F,30,1916.28,44.7,1
QE42BG,Caroline Thomas-Parent,F,35,645.94,8.2,3
WN51WL,Stéphanie de Maury,F,31,635.67,13.8,3
LH67OM,Adrienne Le Bonnin,F,33,278.82,22.3,2
TY71RC,Joséphine Dupuis de la Lemoine,F,34,636.5,1.4,3
HL74NH,Luc Simon,M,39,1688.66,35.9,1
XN14JG,Raymond Joubert,M,35,1347.11,27.2,2
IY75QS,Clémence Pages-Hamel,F,32,402.49,2.4,3
VS03TB,Bernard Guichard,M,60,1427.31,17.8,2
XM13TK,Gilles Reynaud Le Allard,M,31,606.5,6.0,3
FV38YS,Antoinette Masson,F,32,666.02,11.0,3
UB55QK,Luc du Bruneau,M,31,663.67,11.8,3
JV99PG,Richard Petitjean,M,35,663.32,6.4,3
YC36HI,Nathalie Faivre,F,31,1853.65,31.4,1
IX16RZ,Arthur Rousset,M,50,640.04,11.6,3
EO66XE,Patricia Sanchez,F,35,1800.78,39.4,1
TL93MF,Bertrand Normand,M,35,0.0,30.7,2
HR48YX,Emmanuelle Briand,F,44,217.8,0.0,3
YJ18NC,Georges Mercier,M,33,2018.96,48.5,1
OU85YP,Juliette Antoine,F,38,546.05,3.2,3
SB29QV,Jeannine Nguyen-Vasseur,F,68,0.0,3.4,3
PQ74LZ,Pénélope Herve,F,32,1996.4,41.8,1
LV49PQ,Laurent Gillet,M,36,657.76,2.0,3
DM18HQ,Clémence Da Costa-Laroche,F,35,1697.73,39.1,1
RW41SM,Marguerite Marchand,F,34,0.0,21.5,2
FX51GN,Julien Gaillard,M,36,1992.44,40.3,1
YW90YH,Margaret Costa,F,45,1064.8,22.6,2
WG12KR,Paul Duhamel,M,37,1468.97,24.4,2
MZ51ON,Thibault Lefebvre,M,43,1805.9,45.3,1
NY23IG,Élise Robert-Lecoq,F,31,365.04,15.4,3
ZZ01BM,Agnès Blot,F,38,2161.2,33.6,1
MX33WX,Grégoire-Aimé Renault,M,33,986.92,27.8,2
XM26UN,Inès Robin,F,33,454.14,1.6,3
XH11XP,Jérôme Lucas de Herve,M,37,549.65,5.2,3
TL71KC,Nathalie Toussaint-Boulanger,F,68,1295.92,26.0,2
GW97MX,Benoît-Michel Raymond,M,46,1748.6,47.9,1
PT04TR,Madeleine Reynaud-Mace,F,31,1646.97,30.4,1
DL56AZ,Julien Bourdon,M,52,1824.74,40.4,1
RP67WM,Margot Gomes,F,51,1705.32,39.7,1
UT60RP,Victor Aubert,M,43,2726.7,38.1,1
HI40LG,Bertrand Bouvet,M,58,1837.98,40.3,1
AV34RP,Stéphane Cordier de la Ledoux,M,32,1759.92,44.7,1
MN62WI,Louis Schmitt,M,34,633.53,15.2,3
IY68VT,Jeannine de la Etienne,F,48,1817.8,30.8,1
ZB10LE,Martin Millet,M,32,1440.21,20.6,2
HK57TW,Pénélope Faivre,F,41,650.39,7.5,3
TY72YA,Laurent-Édouard Coulon,M,35,1685.34,43.2,1
JN90RZ,Isabelle Collet,F,51,626.57,6.7,3
UO49OM,Danielle Le Lambert,F,32,1214.77,30.9,2
NJ34CG,Laetitia du Legrand,F,38,1442.2,25.1,2
BH97UR,Clémence Leroux,F,34,1918.46,36.5,1
YR06YL,Antoine Perret,M,46,1970.49,36.0,1
NK10BE,Antoine Delmas,M,36,656.43,4.3,3
KV57VX,Frédérique Carpentier,F,58,2078.61,39.9,1
HP01WI,Grégoire Carpentier,M,31,1822.79,50.1,1
HX08FV,Eugène Duval,M,34,1124.56,23.2,2
YJ63KH,Hugues Lagarde-Laine,M,32,1337.97,22.8,2
NM31EM,Nicolas Lemonnier-Baudry,M,32,1035.92,19.6,2
EF14MS,Auguste Nicolas,M,34,2594.64,49.3,1
XJ07JM,Christophe Schmitt,M,37,1298.81,20.9,2
AN63WH,Frédéric Vallet-Renard,M,45,1407.16,34.2,2
AC65KF,Émilie Colas,F,32,687.46,10.3,3
YA80LR,Vincent Hernandez de Lagarde,M,40,1202.24,32.6,2
HY08JU,Marc Faure,M,50,1689.81,39.7,1
XE96XD,Alice du Masse,F,40,436.57,14.0,3
UA68HK,Claude de la Boulay,F,42,673.52,2.5,3
NH13YN,Gabriel-Rémy Roy,M,34,628.39,10.7,3
YB04VY,Jacques Godard,M,51,1212.75,24.6,2
PA48ZO,Éric de Chevalier,M,31,1948.39,41.8,1
FL58OU,Margot Maury,F,36,1227.45,23.4,2
IT79KX,Patrick Weiss,M,36,1389.06,27.8,2
GI86NV,Alexandre Boulay,M,34,1774.7,30.7,1
IP24BS,Michelle Fournier,F,40,1435.73,32.4,2
YX00XA,Céline Thierry,F,63,554.1,10.4,3
TM08FQ,Michèle Masson,F,37,1761.62,42.6,1
MN08OU,Christelle-Nathalie Bousquet,F,42,1420.38,27.6,2
UJ94RS,Juliette Poirier,F,32,673.39,31.0,2
YG86DY,Éric Diallo,M,31,1937.18,30.8,1
NE78TW,Guy Pelletier,M,34,1676.36,27.3,1
XV87MX,Henri Boucher,M,45,1638.24,40.6,1
DL22TI,Richard-Michel Boulay,M,35,460.67,8.7,3
FB58TT,Caroline Boyer,F,44,1040.03,21.2,2
GF23LQ,Colette Dupont,F,39,599.51,10.8,3
WS03OP,Denise Pages,F,31,1662.16,40.7,1
SO12YE,Étienne Techer,M,39,1734.95,38.7,1
LK34IH,Claire Gomez,F,51,1290.99,21.2,2
LE07WJ,Marthe Jacob,F,49,1763.07,49.5,1
JJ64BK,Aimé Martins-Riviere,M,52,1861.93,43.4,1
BQ16LT,Jeanne Chartier-Verdier,F,39,1644.77,42.0,1
VG01HV,Madeleine Guillaume,F,33,591.15,13.3,3
UJ08SL,Roland Maillard-Da Costa,M,35,2136.33,34.5,1
ME77TN,Adrienne Barre-Sauvage,F,33,1946.29,38.9,1
KU64LD,Adrien Gilles,M,32,2021.53,40.9,1
JR57WC,Hortense Cordier,F,32,253.45,25.4,2
MF61TD,Stéphanie Charles,F,40,664.49,0.0,3
DA47QR,Bertrand Valette du Prevost,M,30,1713.65,31.3,1
OO87TH,Françoise Reynaud,F,31,505.79,10.2,3
UG45EJ,Anaïs-Victoire Schmitt,F,32,581.35,5.1,3
UM33OZ,Élisabeth Vallet,F,42,1451.5,27.3,2
II37SJ,Madeleine Duval,F,33,0.0,10.3,3
TG92XM,Léon Pineau de Barre,M,51,1681.07,42.8,1
TB09OQ,Élodie-Monique Carpentier,F,37,1724.64,32.3,1
QD84CB,Robert Fernandez,M,39,998.93,26.2,2
BV39QJ,Juliette Faure,F,68,671.92,9.2,3
SQ73TQ,Hortense Techer de la Besson,F,35,663.63,7.0,3
KG48ZH,Constance-Arnaude Navarro,F,37,525.81,6.8,3
QX59XW,Claire-Alex Georges,F,39,0.0,4.5,3
WV87GA,Dominique Pinto,F,33,1726.61,42.9,1
IM39TB,Arthur Weiss,M,60,1439.77,26.6,2
RJ56BY,Benoît Le Martins,M,32,1303.2,23.3,2
NY28RZ,Maurice Weber,M,34,1758.53,31.8,1
GK13IF,Charles Joseph,M,30,540.53,6.8,3
GG28VN,Tristan Collin Le Collet,M,35,3820.02,38.5,1
EV80NZ,Manon-Hélène Vaillant,F,32,674.6,14.6,3
MV07BX,André de la Laurent,M,38,1087.85,20.0,2
JC37WE,William Morvan,M,38,601.75,12.9,3
UX06JH,Zacharie Giraud,M,35,811.87,23.3,2
BE68HN,Éric Bouvier,M,37,1744.29,44.1,1
FU72TJ,Constance Weiss,F,49,130.25,4.1,3
TE11US,Philippine Marchal,F,31,1639.15,50.4,1
YY64DM,Charles de la Gauthier,M,47,616.64,22.4,2
QA85FN,René Marin,M,51,498.81,9.2,3
RM11DH,Colette Brun,F,37,1251.55,28.6,2
IV77HW,Chantal Lebreton,F,54,1301.95,24.4,2
QW10HP,Sylvie Bouvier,F,39,1628.75,43.9,1
PP03LJ,Thierry Herve,M,33,1352.18,25.2,2
DY42UX,Marcel Maillet de Fontaine,M,39,1638.5,28.6,1
IJ59VU,Sébastien Gimenez,M,46,1661.17,46.5,1
NU21CX,Guy Ferrand,M,36,1307.9,23.0,2
EG38SH,Anouk Martineau,F,57,680.76,1.6,3
NV99QY,Matthieu Gilbert,M,55,1964.16,39.7,1
MI62DD,Agnès Fernandes,F,37,574.78,5.5,3
JZ90SW,Matthieu Pires,M,43,665.08,1.1,3
OG85LG,Nicole Pelletier,F,33,1704.95,46.0,1
LV72KG,Célina Bruneau,F,31,833.34,29.0,2
OP02ZP,Suzanne Boutin de Fouquet,F,36,1787.0,33.8,1
EL26LG,Marcel Diaz,M,33,1429.84,22.1,2
DP96BU,Élodie Peltier,F,35,676.7,4.5,3
VI77GU,Margaud Dupuy,F,37,1185.09,24.4,2
NU65LH,Aimée Rolland,F,49,2583.7,39.3,1
TY96KN,Marcel Roche-Valette,M,68,535.05,5.2,3
ML78RM,Adrien Briand de Normand,M,65,655.78,0.0,3
SW06HE,Zacharie de Moreno,M,44,2209.85,36.9,1
AO85PX,Dominique Turpin-Besson,F,68,2037.58,40.2,1
OJ42UI,Margot Turpin,F,38,1931.95,42.7,1
PY74DV,Adrienne Le Carre,F,53,638.4,1.5,3
WM91GP,Franck Texier du Delattre,M,35,2574.18,40.3,1
JS22EI,Valentine-Marie Lombard,F,32,1435.42,25.9,2
MX70GF,Frédéric Descamps,M,32,847.08,30.5,2
FX15QN,Sophie Maurice,F,65,678.16,16.9,3
XH15WB,Théophile Herve,M,32,1727.9,31.7,1
ZL17UZ,Josette Leblanc de la Reynaud,F,43,1447.89,32.4,2
DR27RH,Stéphane Gregoire-Delannoy,M,53,237.96,29.4,2
PU21EN,Denise Delorme,F,52,1050.47,26.7,2
EA67IS,Aimée Bouvier,F,34,675.93,8.1,3
NI88RA,Dominique Fabre,F,43,553.26,0.0,3
OZ93LO,Xavier Moulin,M,33,864.39,23.3,2
FK29FS,Jules Bouvier,M,34,1685.68,43.4,1
RH97GC,Maurice Bousquet,M,41,1243.05,22.2,2
MT55UD,Émile-Adrien Arnaud,M,31,1880.57,39.5,1
VO16RJ,Robert Albert,M,31,345.78,10.1,3
EZ41KG,Bernard Andre,M,50,1662.12,49.5,1
ZW65VP,Paul Pages,M,41,2092.22,40.3,1
KN62QJ,Dominique Camus de la Muller,F,34,657.16,3.7,3
PV14DH,Jeanne Gilles,F,32,704.91,22.6,2
JU72ZX,Sylvie-Clémence Lemaire,F,37,1213.63,22.3,2
RC08HU,Éric Becker,M,30,1650.27,45.0,1
OR20LI,Gérard Regnier,M,31,1652.22,35.5,1
JI64KG,Benjamin Collet,M,32,1731.97,51.1,1
IH43HL,Victoire-Marianne Rodrigues,F,48,1816.11,55.6,1
BB07FO,Maryse Lenoir,F,46,1450.67,30.8,2
GY54HM,Denise Maurice-Bouvier,F,36,623.43,6.2,3
SQ44DV,Marine Delmas,F,36,1406.82,29.4,2
XQ75DN,Véronique de Millet,F,34,2487.79,49.3,1
FP79PQ,Georges Leconte,M,35,610.99,4.3,3
XB51RE,Luc Marechal,M,31,2035.53,36.5,1
XJ72QR,Constance Hubert,F,38,588.27,7.2,3
SH76RT,Gilles Pasquier,M,34,1871.49,46.9,1
DK90XJ,Roger Hebert,M,35,1672.77,36.7,1
WA72BK,Philippe Moreno,M,31,655.38,11.2,3
TU56TJ,François Le Le Roux,M,55,653.78,9.2,3
CR57HY,Alphonse Brunel,M,36,1662.59,27.1,1
LT76RS,Charles Le Goff,M,35,1407.54,24.6,2
LF98TR,Juliette Hardy de Maillard,F,35,1724.85,44.2,1
ZR62MN,Pauline Leger,F,37,1386.08,24.0,2
DY93JD,Jeannine Lefevre,F,33,687.17,3.5,3
WR97ZR,Clémence De Oliveira,F,31,1697.97,34.8,1
MJ11EG,Frédérique Legrand-Da Costa,F,31,2210.21,41.3,1
NM04PR,Suzanne Fouquet,F,36,588.6,6.8,3
JM53VC,Anouk Barre-Perrier,F,32,501.4,2.1,3
EL90FH,Charlotte Sauvage-Da Costa,F,34,1828.75,42.3,1
KJ50QQ,Émile Boulay-Lesage,M,68,1659.97,42.3,1
IF98UH,Simone Rousset,F,33,0.0,20.8,2
AG22QF,Noël De Oliveira,M,36,1300.6,24.8,2
NT67UW,Julien Lebon Le Perret,M,41,632.87,5.0,3
AH04FC,Chantal Albert,F,32,1734.16,34.2,1
YQ73DX,Christophe Boyer,M,32,1778.61,34.7,1
JG68BM,Nicole Benard-Rodrigues,F,39,0.0,4.6,3
ZN22IE,Zacharie Boulanger,M,36,1049.49,22.8,2
ZY79JE,Adrien Mahe,M,37,0.0,28.4,2
OP37DA,Grégoire Joly de Toussaint,M,46,531.31,10.7,3
NW80XK,Noël Andre,M,50,1101.87,23.4,2
MM11UK,Susan Lebon,F,49,671.78,9.4,3
NC50DJ,Bernard Bigot,M,31,1609.12,46.2,1
TY01PD,Susanne Moreau,F,36,1747.44,38.2,1
LK15NC,Paul Navarro,M,35,2561.44,48.1,1
CC54NN,Jacqueline Loiseau,F,31,680.66,9.7,3
JI48LO,Inès Faivre de Mallet,F,32,458.89,9.6,3
LW46UW,Zoé Leblanc,F,52,561.74,2.5,3
LP98DH,Valérie-Emmanuelle Cohen,F,39,1646.62,34.5,1
NF99CU,Caroline Faivre,F,33,545.88,1.8,3
MR16BE,Emmanuel Legros,M,39,630.04,29.4,2
LZ22CV,Paulette Le Roux,F,32,469.77,2.5,3
PL47UH,Diane Lefort-Chevallier,F,34,2239.27,28.7,1
VY73CL,Anouk de la Pascal,F,35,834.29,29.9,2
TQ80LU,Théodore Bonnet,M,35,1630.05,41.5,1
PH63WD,Marcel Lagarde,M,38,662.52,2.7,3
XC74TZ,Maggie-Éléonore Chevalier,F,32,0.0,28.6,2
HQ41JV,Diane Laurent,F,38,673.72,9.4,3
CW02TY,Augustin Martins,M,32,672.31,10.9,3
KX79LT,Marcel de la Potier,M,31,425.24,1.8,3
GC10EC,Guy Collet Le Charrier,M,31,0.0,9.9,3
UA53JK,Maurice Hamon,M,38,394.17,0.0,3
BE53ZZ,Christophe Lefevre-Renault,M,36,1759.84,42.9,1
AC81SV,Édith Rossi,F,35,1999.23,36.9,1
BX64MP,Étienne Brun,M,32,1843.0,38.6,1
JD47AA,Élodie Lemonnier-Valette,F,35,1342.24,25.0,2
DP67WS,Noël Lombard,M,54,1217.32,23.8,2
IT26BW,Édouard Garcia,M,50,2967.04,38.8,1
YA11JX,Élodie Colin,F,38,247.6,23.5,2
JU46RC,Camille Berger,F,36,2770.44,36.2,1
LE82QY,Alfred Lebreton,M,36,797.24,19.6,2
OP99PP,Théodore Diaz,M,66,1813.28,48.7,1
OC20BV,Roland Maillet,M,62,1408.69,21.1,2
AG10EC,Roland Chevallier,M,49,1609.54,49.4,1
GE00QH,Tristan Dupuy,M,37,679.47,6.7,3
HL60KX,Chantal Lejeune,F,39,487.76,12.8,3
DM45AF,Benoît Benoit-Dufour,M,30,570.18,7.3,3
LZ62QK,Olivier-Jacques Munoz,M,38,1741.98,47.2,1
JU00ME,Aurélie Renard,F,31,1700.63,33.9,1
WO47TH,Brigitte Peltier,F,31,0.0,26.1,2
DE37KB,Marc Hamon,M,33,664.76,7.6,3
UU89SO,Christine Pichon-Vincent,F,44,1130.94,20.4,2
EG37VQ,Bernard-Zacharie Le Gall,M,32,206.94,21.5,2
VJ67WG,Gabrielle Le Roux,F,33,2611.67,33.5,1
BW13MY,Léon Pons,M,31,0.0,29.3,2
LR08HS,Étienne Mercier,M,55,1024.13,21.0,2
AX47SY,Noël-Antoine Dijoux,M,32,1940.99,45.5,1
FG58WN,Michel Thierry-Delahaye,M,66,4061.39,44.3,1
AJ58SY,Adèle Poirier,F,55,661.27,11.5,3
SI67DU,daisy Barbier,F,52,1662.96,43.3,1
IY37WC,Jules de la Humbert,M,42,2027.46,42.5,1
TZ58MO,Luc Bernier,M,37,0.0,26.3,2
VN87YX,Laurent Lemonnier,M,68,1079.43,23.9,2
FP76AQ,Andrée Muller,F,31,1905.35,44.4,1
KT37ME,Roland Le Da Costa,M,34,774.6,25.4,2
YQ97CO,Paulette Brun du Dubois,F,62,595.22,27.8,2
UV72NA,Véronique Germain-Meyer,F,51,1085.0,20.8,2
IG41UE,Jeanne Renard,F,35,625.66,7.4,3
EG37LD,Joseph Schmitt,M,36,1645.28,44.1,1
CO52RK,Bernard Dubois-Guillon,M,38,1862.37,37.6,1
IW59YW,Claire-Marie Maury,F,35,666.63,23.1,3
JP71YN,Émilie-Marie Garnier,F,52,598.2,15.1,3
RB06RZ,Pierre Laporte-Dos Santos,M,32,663.13,10.0,3
MD38VO,Andrée Guillet,F,32,1429.19,30.2,2
SZ43ZU,Alexandria Torres-Martel,F,54,1788.04,41.7,1
RG18FJ,Adrien Lagarde,M,33,583.22,7.2,3
CS02WH,Maggie Bazin,F,33,1423.1,24.7,2
GS60SV,Audrey Sauvage,F,48,1452.18,27.0,2
RV88PZ,Nathalie Bazin,F,32,514.69,9.9,3
VI98NZ,Eugène Chevalier,M,34,679.8,0.3,3
TQ13XE,Charles-Émile Chauvin,M,36,602.11,8.1,3
VU24HE,Pierre Picard,M,40,1332.21,28.6,2
CE20ZT,Alexandrie-Mathilde Philippe,F,33,2966.33,46.7,1
ZY42QG,René Blanc,M,33,516.5,4.5,3
BG55WU,Catherine Barbe du Sanchez,F,31,680.48,13.0,3
QF67AM,Julien Vidal,M,33,878.3,27.0,2
II11ZE,Alexandre Blanchet,M,68,1274.09,26.9,2
HO24ZF,Claire Bigot,F,42,814.14,29.6,2
XQ17CF,Théophile-Roland Schmitt,M,35,651.83,0.0,3
NG67QH,Nicolas Blanc,M,49,1292.96,20.7,2
VF57TL,Thomas Baron,M,44,686.91,6.1,3
CW80MT,Aimé-Martin Gomes,M,31,1710.25,39.8,1
WY17PP,Aimé-Emmanuel Germain,M,62,825.06,29.9,2
LW90DW,Hugues Humbert,M,32,1414.52,27.5,2
QF98TB,Marcelle Parent,F,34,856.71,25.8,2
NJ33XA,Margot Diaz du Vincent,F,44,1962.09,30.8,1
KB88PL,Nicole Le Morvan,F,53,1625.76,46.6,1
FT98RC,Gilles Ferrand-Parent,M,51,1666.98,48.2,1
EF84JC,Jacques Traore,M,49,1708.75,36.9,1
YW79FF,Éléonore Benard-Gaillard,F,43,1679.07,24.4,1
FP45WV,Emmanuelle Garnier,F,33,686.92,12.0,3
QK00MC,Roger Hernandez,M,68,606.04,0.0,3
BW77TE,Agathe Maurice,F,34,571.17,10.7,3
LU57MF,Benoît Guyon,M,32,1361.35,25.8,2
KQ97FX,Timothée Besnard,M,52,628.97,10.5,3
TP35NJ,Agnès Barthelemy,F,39,1208.78,27.9,2
BL83FD,Paul Lejeune de Jacquet,M,40,1371.51,24.8,2
SD65OX,Élodie-Marianne Goncalves,F,33,667.07,5.3,3
UE79WW,Margaret-Susanne Lefebvre,F,39,1234.05,25.8,2
KH28TV,Emmanuel Salmon-Riviere,M,33,1769.33,36.2,1
TA69IW,Anouk Lefebvre du Dupuis,F,46,675.51,12.7,3
BX78NG,Alexandre Buisson-Renault,M,31,2043.56,44.8,1
HB04PE,Franck Germain,M,31,1423.5,26.9,2
HQ64FY,Éric du Chartier,M,33,505.96,25.9,2
ME58JD,Adrienne Maillet,F,36,1164.43,34.7,2
CH97KE,Gilles Labbe Le Lambert,M,36,889.75,24.3,2
JB09PH,Isaac Imbert,M,31,1888.04,31.1,1
NO04GT,Brigitte-Lorraine Hamon,F,47,1748.26,39.6,1
MD45ZY,Franck Laine,M,35,506.93,11.5,3
PP43CI,Éric Marchal,M,36,1057.72,21.5,2
LE39QK,Timothée Bouvet,M,39,2876.55,41.7,1
GI96BZ,Honoré Giraud,M,35,1915.62,38.5,1
PG02HX,Charles Pottier,M,38,1810.44,33.3,1
DC67TW,Diane Bouvet-Boulay,F,33,674.16,2.1,3
WR32WP,Émilie Guillou,F,33,1766.0,31.1,1
AB56CS,Pierre de Potier,M,39,1814.19,45.1,1
PQ26NF,Michèle Roche,F,48,652.43,10.2,3
UI57TL,Sylvie Alves,F,45,580.31,15.8,3
PO98CZ,Françoise Mary-Rodrigues,F,67,390.41,9.1,3
TH47QE,Luce Fournier du Gauthier,F,34,668.37,4.1,3
CQ72SX,Anaïs Joly,F,41,1660.01,43.1,1
AP03PU,Émilie De Sousa,F,35,330.54,24.4,2
GT66CL,Isabelle Pinto,F,45,1354.14,17.3,2
BL87WW,Maggie-Gabrielle Monnier,F,35,682.08,8.9,3
MB93QR,Madeleine Leduc,F,50,473.04,24.2,2
MR14PF,Jérôme de la Maillard,M,33,1653.91,43.8,1
GH55KX,Matthieu Faure,M,31,1776.86,37.9,1
LW82NF,Thérèse Hoareau,F,36,391.97,0.0,3
VQ13FQ,Maggie Rousset,F,32,429.22,11.2,3
FK67TL,Corinne Delorme,F,60,609.65,12.4,3
XL09PW,Philippine-Laurence Boulay,F,49,1244.68,24.9,2
PP57VY,Jeanne Hamel,F,34,1947.48,34.9,1
HJ88TJ,Océane Rodrigues,F,44,665.93,7.0,3
LX09GT,Timothée Lemaitre,M,34,639.69,3.4,3
ZG12JU,Robert Fouquet-Pages,M,35,1310.43,24.4,2
HA09UQ,Luce Goncalves,F,41,631.71,13.0,3
QI76OO,Stéphane Tessier,M,68,976.71,25.0,2
MT86RF,Jules Delaunay,M,46,1425.84,25.3,2
HR03MX,Gilbert Briand,M,35,1414.69,26.5,2
CT67RY,Zacharie Le Leroux,M,45,1152.32,25.1,2
DI21MN,Simone-Nath Hoarau,F,31,1307.33,26.0,2
GF08MZ,Aurore Blondel,F,39,627.81,5.2,3
NQ01TG,Roger Barbe,M,32,593.36,17.8,3
AP14OJ,Frédéric Vidal,M,60,1268.71,35.2,2
DB81FT,Mathilde Petitjean,F,52,643.01,7.7,3
JT54TE,Marine Benard,F,52,493.76,4.5,3
IK21RM,Roland Bazin,M,52,1847.24,31.9,1
FU58DV,Pierre Deschamps du Imbert,M,37,636.81,12.6,3
MS43DO,Alphonse Thibault,M,35,1015.3,29.2,2
GO54AO,Jacqueline Gregoire-Colas,F,31,1138.64,24.1,2
WZ34PI,Victor Neveu,M,31,579.11,7.9,3
TL23CN,Cécile Vidal,F,48,2294.13,36.3,1
YQ08BL,François Sanchez,M,30,1921.85,38.7,1
TW37CN,Monique Leveque,F,36,1682.15,31.6,1
HU97XU,Jules Durand,M,31,845.09,23.5,2
LR44ZB,Valérie Barbe,F,45,567.06,10.1,3
RC75GI,Stéphane Morvan,M,44,1439.4,27.7,2
QZ95XC,Georges Leclercq,M,33,1933.4,42.6,1
QU53GH,Josette Henry,F,40,914.46,28.4,2
MP44OG,Vincent-Stéphane Verdier,M,45,664.24,13.3,3
QE23EI,Raymond Boulay-Poirier,M,68,2411.29,39.6,1
PL31QS,Théodore Aubert,M,33,516.86,0.0,3
OX70UJ,Anouk-Lucy Lemaire,F,32,102.41,3.2,3
ZG05JK,Marianne Marchal,F,30,1441.72,30.3,2
UB31SZ,Alphonse Albert,M,31,1740.82,32.0,1
BF74YK,Grégoire Goncalves,M,34,587.76,7.7,3
QP76DP,Jeannine Martins-Lebreton,F,68,507.56,0.1,3
FU91NO,Joseph Texier,M,50,607.66,3.9,3
BZ39SJ,Denise Roy,F,32,634.95,9.3,3
OZ49YT,Étienne de Camus,M,68,557.92,14.3,3
NB93CR,Margot Pruvost de la Bigot,F,44,1382.58,25.1,2
XP67SV,Suzanne Pinto,F,35,24.32,10.1,3
TA94QX,Rémy de la Levy,M,31,1633.09,38.5,1
VZ56CM,Théophile Couturier Le Bonnin,M,59,1918.9,41.0,1
XU07HD,Stéphane-William Royer,M,39,429.99,7.1,3
GM10NX,Frédéric Hardy,M,34,1333.05,23.6,2
GY99HM,Nicole Valentin,F,35,561.05,4.3,3
UV39HD,David de la Boutin,M,32,1179.97,26.4,2
GB11KM,Colette Joly,F,37,1661.12,47.9,1
HZ57XV,Vincent-Paul Lemaitre,M,37,1431.27,20.0,2
SP34FI,Victoire Barre,F,35,1685.97,39.4,1
CW35QP,William-Alphonse Gilbert,M,50,1700.2,41.8,1
WE54ZK,Marcel Fleury,M,38,686.15,27.4,2
JZ28DB,Sophie Thierry,F,31,524.61,28.4,2
DJ34HI,Lorraine Fontaine de la Letellier,F,47,1321.78,28.0,2
CF65IG,Colette Pinto,F,35,0.0,3.2,3
ZK72OV,Bertrand Marchal,M,45,1190.06,32.2,2
MF91IV,Alexandre Laporte de la Levy,M,37,1377.11,15.5,2
OV84AT,Margot Gay-Chretien,F,34,1086.62,25.0,2
WJ27SM,Nicole Valentin de Gaudin,F,35,624.74,10.6,3
NY20VR,Étienne-Nicolas Klein,M,40,0.0,23.4,2
RF03DZ,Frédérique Joly,F,40,547.67,9.9,3
CG15IQ,Aurélie Levy,F,33,1135.73,27.5,2
OX94GU,Thomas Renaud,M,40,695.69,12.8,3
BZ03MI,Margaux Peron de la Blanchet,F,47,1202.79,30.7,2
DG84MM,Corinne Guillot de Vaillant,F,37,0.0,25.9,2
MG34PY,Élisabeth Fouquet,F,68,1686.91,60.0,1
KO88WM,Colette Gomez,F,35,683.32,3.0,3
KM90BQ,Susanne Peron,F,56,659.06,13.7,3
CI72KM,Nicolas Masse-Teixeira,M,55,946.02,27.6,2
QQ91UH,Alexandre-Yves Lejeune,M,33,2062.46,39.0,1
MR81IC,Étienne-Isaac Bertrand,M,33,1701.6,38.2,1
SW21KH,Aimée de Giraud,F,41,606.14,2.2,3
GN44DQ,Odette Huet de Devaux,F,32,1687.37,42.5,1
XG77IM,Thomas de la Benard,M,30,1481.66,20.6,2
JS85XJ,Adrienne Costa,F,32,587.71,10.7,3
MF35OR,Gilbert Allard,M,45,610.96,16.0,3
NY42JJ,Célina Traore,F,49,631.87,3.6,3
FI55YZ,Philippine Buisson,F,42,1643.29,43.4,1
IS98PW,Thérèse Pons,F,38,310.58,6.8,3
PK85SX,Gabriel Normand-Descamps,M,32,587.26,2.9,3
PE42HI,Hortense Dupuis,F,37,455.51,14.8,3
TS12QK,Clémence Vasseur,F,40,2264.74,30.9,1
FY44CL,Suzanne Voisin-Clerc,F,48,1677.34,31.6,1
JP68BJ,Danielle Delaunay,F,32,1242.24,19.7,2
WS69CD,Cécile Dufour,F,49,652.91,5.6,3
CA99FK,Andrée Martins,F,35,2139.41,35.8,1
GC90GO,Hortense Berthelot,F,34,1240.84,25.2,2
OB60MI,Pauline Raynaud,F,34,1378.62,24.4,2
EF37QH,Pierre de la Schneider,M,42,674.5,15.9,3
TA12WF,Michelle Herve,F,34,318.48,7.2,3
CR17QD,Joseph du Nguyen,M,50,1651.8,45.9,1
TV83FW,Célina Legros,F,36,1954.28,45.5,1
YM69SZ,Thomas Leconte,M,33,682.5,25.8,2
IP66TP,Michèle Pascal,F,68,508.61,3.5,3
SE40GH,Louis Coste,M,35,1846.56,40.2,1
GN46HE,Antoine du Meunier,M,68,201.57,3.9,3
OX45WA,Alexandria Launay,F,36,1720.23,51.3,1
DA79FC,Roland Ledoux,M,49,682.96,2.7,3
PM78RE,Anaïs Lesage,F,35,630.74,0.0,3
HY16EJ,Michelle Girard,F,32,1827.13,30.0,1
IK66KD,Adrien Hoareau,M,43,1703.54,31.7,1
XP91BQ,Thibault Barre,M,56,674.38,5.7,3
QN68PZ,Roland Lemoine,M,36,516.81,12.3,3
OU44CV,Charles Dias du Alexandre,M,32,1400.04,27.8,2
LA87RV,Thomas Duhamel,M,37,1719.14,39.2,1
ZG44EN,Astrid Hardy,F,33,2016.94,35.7,1
NS46WX,Emmanuel Gilles,M,34,1301.36,26.6,2
EL99UM,Manon Carre,F,44,590.11,8.5,3
PH65DE,Théophile de Lebreton,M,31,1350.8,20.9,2
KJ41AN,Michel Leroy,M,34,2523.18,40.1,1
QW25WW,Alexandria Leclerc,F,38,1657.59,33.3,1
VH12WW,Simone Humbert,F,35,1190.77,27.1,2
ZQ77BC,Anouk-Chantal Riviere,F,68,1198.79,27.8,2
UL09VQ,Thierry de la Gilles,M,35,1688.9,35.0,1
WU09OE,Roland Lebreton,M,32,473.53,13.6,3
IS53BJ,Véronique Mathieu,F,43,686.59,4.4,3
XF28EL,Emmanuel Guyon,M,42,16.15,0.0,3
MV72YJ,Adrien Dumas Le Carlier,M,31,487.76,6.2,3
CB10YT,Catherine Normand,F,42,560.6,4.1,3
UW96UC,Gérard Vallee,M,68,1703.85,51.0,1
WV91QL,Caroline Thierry,F,33,1458.95,24.0,2
OC54GK,Renée Vasseur,F,39,0.0,30.5,2
PX41GV,Sophie Durand,F,35,1212.42,24.1,2
AE35CS,Jacqueline Becker de Lebrun,F,41,1293.87,27.2,2
ZN97IH,Jérôme Bernard,M,35,1359.45,28.8,2
TU48DX,Julie Begue,F,31,1341.64,27.9,2
GA46FC,Zoé de Martel,F,31,1280.93,22.8,2
EV73TR,Nicole Teixeira,F,32,2465.25,44.8,1
VT30LZ,Yves Morvan,M,35,1782.71,39.3,1
CJ92BR,Rémy Pasquier,M,40,1315.85,26.0,2
KJ37QZ,Susanne Le Lejeune,F,40,625.28,8.5,3
BD69II,William Camus,M,31,1464.64,27.0,2
VZ51UQ,Maurice Costa,M,34,1676.41,39.6,1
VS88GC,Benoît Renault,M,34,1900.64,52.1,1
ZJ52WU,Clémence Chartier,F,55,331.05,8.6,3
OR48VN,Richard Blondel,M,34,1637.11,24.6,1
AN42KX,Margot-Mathilde Rey,F,37,665.32,2.8,3
ZJ58QF,Simone Bigot,F,36,672.95,13.9,3
HM99LC,Lorraine Lucas,F,33,593.02,6.9,3
AZ03FX,Étienne Dupont,M,33,1084.37,22.4,2
KQ81GD,Thérèse Hubert,F,40,1720.84,34.7,1
RD56TB,Susanne Leleu,F,37,547.0,4.5,3
ZI85MM,Suzanne Etienne,F,30,1696.1,48.1,1
ME06UP,Vincent Rousseau,M,33,582.8,9.1,3
MC18RS,Pénélope Coste,F,59,1679.5,37.5,1
BQ36JO,Matthieu Vincent,M,53,970.27,21.3,2
RL46WY,Jean David-Dupuy,M,38,1964.18,45.1,1
VY45XS,Corinne Fontaine,F,30,1667.41,42.1,1
BG49MU,Marc Diallo,M,35,1659.23,33.9,1
AF54GP,Anaïs Berger-Martins,F,64,1726.24,36.7,1
EG28WK,Benoît Vallee,M,35,1248.86,31.7,2
RO08HD,Marcelle Renault du Ledoux,F,31,2422.45,41.1,1
VM42XW,Lucas Guillon-Fournier,M,37,1751.91,48.9,1
AR79YF,Alphonse-Vincent Dupont,M,36,1312.69,22.1,2
GP32MP,Alix Marie,F,41,1354.16,20.9,2
AR57JL,Théophile Lemonnier,M,37,1283.77,20.9,2
KI12EG,Roland Leconte,M,37,2733.08,26.3,1
LC06HU,Olivie Peltier de Delaunay,F,36,562.88,1.6,3
AS72DT,Cécile Teixeira,F,51,543.44,4.5,3
NC70EO,Jules de Collet,M,40,1244.38,26.2,2
DB97GK,Caroline Hubert de la Lemonnier,F,38,596.95,6.0,3
LQ79QK,Bertrand-Richard Brunet,M,54,1733.32,49.8,1
HE19CL,Lucas Bigot,M,62,2079.12,41.8,1
VM62LC,Charles Toussaint,M,39,1645.59,38.3,1
IY75AS,Franck Lesage,M,37,643.45,4.2,3
IH31PI,Vincent Laroche,M,30,580.89,5.6,3
VE74TA,Juliette Buisson du Hoarau,F,32,768.9,17.4,2
DK18SY,Robert Bonnet-Mahe,M,35,2372.44,33.6,1
VS01BJ,Noël Le Lefort,M,58,2010.57,42.1,1
PI00JA,Suzanne du Bousquet,F,33,487.2,22.8,3
VZ49UF,Inès Roger,F,53,1844.91,45.7,1
WQ08XA,Gabriel Labbe du Begue,M,35,1751.98,36.3,1
SX85IE,Charles Chauvin,M,35,1753.11,41.6,1
TU49GV,Luce Chretien-Mercier,F,41,886.02,23.1,2
TJ79WR,Léon Joubert,M,47,279.74,2.4,3
NE43OS,Adélaïde de la Labbe,F,39,1647.3,45.9,1
ZX01WA,Eugène Gimenez,M,31,1868.88,41.7,1
VM07VB,Patrick Delattre,M,34,658.96,15.7,3
SR95NH,Noémi Hamel,F,31,0.0,26.4,2
JM66FR,Adrienne Neveu,F,45,1904.6,24.0,1
AZ53XA,Emmanuel-Philippe Marion,M,47,611.1,7.1,3
BZ11XW,Éric Rodriguez-Leleu,M,37,1396.08,29.6,2
XW57IO,Émilie Andre-Ferrand,F,42,2114.21,38.0,1
AE90CL,Margot Grenier,F,39,483.86,11.9,3
HJ13NF,Thomas Guillot,M,68,445.3,4.8,3
QK96TV,Océane Garnier,F,35,1259.86,25.7,2
JO08XN,Valérie de la Leblanc,F,34,1060.69,29.2,2
LP89QR,Thomas Bodin,M,44,550.59,12.1,3
DI74KM,Tristan Marty-Alves,M,34,663.85,18.3,3
CV36EJ,Bernard Pineau,M,32,1049.59,28.3,2
DV76AE,Édouard Moulin,M,37,1153.55,27.9,2
JV91HJ,Augustin Pelletier,M,33,637.96,3.1,3
RF01KK,Juliette Ollivier,F,36,1693.59,34.5,1
EF36DG,Brigitte-Isabelle Marty,F,30,1649.78,42.7,1
MM93AG,Élodie Thomas,F,30,673.84,0.0,3
LW94AS,Olivier de Leclercq,M,33,0.0,28.4,2
GV86LD,Thérèse Fernandez,F,68,450.53,7.0,3
WH05VW,Valentine Guillou,F,45,167.65,11.4,3
ID49QX,Élodie Colas-Etienne,F,68,1173.4,23.1,2
ID25QJ,Daniel Martel-Besnard,M,46,993.0,25.2,2
QP71OI,Étienne Le Bruneau,M,38,593.17,13.6,3
WT46OK,Isaac Delmas,M,39,1767.14,40.6,1
DU04JX,Alice Duhamel Le Guillet,F,34,666.25,12.0,3
WZ23FT,Théodore Verdier,M,33,1283.81,29.4,2
QT44IK,Adrienne-Victoire Garcia,F,33,1891.5,43.4,1
HF83PT,Madeleine Launay,F,68,1153.65,18.8,2
SU26HD,Thierry du Klein,M,45,2661.66,36.0,1
UP94PM,Brigitte Remy,F,55,760.57,24.7,2
KF25BD,Inès Michaud de la Robert,F,36,1649.38,39.6,1
WE23UK,Émilie Lagarde,F,31,1810.67,27.0,1
AS83BL,Thérèse Gerard-Rodrigues,F,35,1310.04,21.8,2
ZO46SI,daisy Bodin,F,30,1169.41,17.4,2
LS24BC,Antoinette Le Daniel,F,45,1760.71,44.4,1
PE87GA,Diane Carre,F,33,1653.97,43.2,1
BJ19SB,Marthe Dumont,F,56,1361.18,19.3,2
IP68HB,Hortense-Claude Blanchard,F,37,1719.79,38.0,1
LN65DO,Henri Moreau,M,49,651.13,0.2,3
SF85IR,Hélène Bouvet du Lopez,F,39,657.11,4.1,3
XU64GP,Roland Bousquet-Cohen,M,68,1272.24,25.7,2
HB05OM,Claudine Lebon,F,43,622.09,0.0,3
UJ44NF,Arthur Dufour du Daniel,M,35,464.8,16.6,2
QY99IQ,Renée Leclercq,F,32,1165.41,19.7,2
ZP05YB,Marc Le Loiseau,M,68,1923.27,43.7,1
IY43GA,Madeleine-Nathalie Dupuis,F,34,2656.1,50.9,1
AO38HP,Hortense-Mathilde Techer,F,51,1785.58,34.7,1
AC22QB,Théophile Masse du Marechal,M,32,506.41,6.8,3
XW21YQ,Brigitte Francois,F,32,684.17,15.4,3
UB73FT,Anaïs Pottier,F,45,1772.76,37.8,1
XQ62FK,Luce Charrier,F,34,1626.54,40.2,1
BY82AA,Christine Herve,F,36,604.47,3.1,3
CN18FJ,Nath Ledoux de la Mathieu,F,36,229.01,26.6,2
XR89OR,François Le Martin,M,46,3084.57,47.0,1
UP87UH,Inès de Chauvin,F,33,1252.04,20.2,2
OS00GX,Bernadette Prevost,F,34,588.68,13.0,3
LZ75RQ,Roland Leroy,M,39,1342.18,26.0,2
TS44EE,Nicolas Wagner,M,31,1071.25,22.5,2
GF30FE,Denis Dijoux,M,35,1384.39,21.0,2
OC53RC,Jeanne Bouvier,F,32,742.95,25.7,2
KD31CM,Zacharie Ruiz,M,30,1745.15,42.1,1
IT36EX,Marc Charrier,M,33,661.99,0.4,3
WD93NJ,Jeanne Lombard,F,35,661.81,0.0,3
JU91ED,Julien Le Lemonnier,M,41,1752.95,44.3,1
PN09QR,Émile Fischer,M,31,589.84,6.3,3
NQ41DD,Marianne Blondel,F,39,1218.56,25.4,2
YQ53JO,Gilles Toussaint-Dumas,M,38,654.54,13.7,3
JZ97OS,David Prevost,M,36,579.49,7.1,3
NM11IU,Thibault Laine,M,68,1161.94,18.1,2
BK13GG,Nicolas Fischer,M,68,584.42,9.4,3
CD96LX,Antoinette-Océane Rodrigues,F,60,1133.71,27.6,2
WB12JU,Agnès Jourdan,F,34,626.83,1.9,3
CH43WY,Vincent Delorme-Lagarde,M,39,2707.52,30.5,1
SM70ZN,Noël Le Cousin,M,34,2367.07,38.0,1
XG96KN,Louis-Léon Gilles,M,37,1406.44,28.4,2
XZ35SP,Gabrielle Andre,F,64,665.72,17.5,3
WY48IC,Thierry du Da Silva,M,47,2778.83,42.3,1
YX95FT,Zacharie Robert,M,31,1265.98,17.9,2
LP59KD,Franck Hebert,M,33,1138.07,21.6,2
BG47OU,Jacques Boyer,M,37,1279.3,21.3,2
IH69WX,Yves Martineau,M,42,1672.97,44.1,1
XI60CU,Anne de Martinez,F,53,1993.93,46.4,1
UV31OB,Audrey Diaz,F,33,1140.73,23.1,2
KB14GL,Andrée Dupont,F,32,772.7,23.2,2
IB35PF,Michèle Riviere,F,33,0.0,25.8,2
IQ82NY,Simone Schneider de la Rousseau,F,34,1714.31,44.2,1
RE24UG,Margot Legros,F,58,667.7,6.4,3
RF35MG,Hugues Mary,M,31,2732.83,39.0,1
JR51XX,Amélie Devaux,F,48,1423.53,22.6,2
QB18TA,Inès Auger,F,36,1162.22,31.7,2
FX71SF,Louise Sauvage,F,35,381.87,5.6,3
RT73JN,Frédéric Ribeiro,M,31,1875.01,47.6,1
VD52OW,Édouard Paul,M,51,1435.08,24.9,2
OG69VI,Marc Sauvage,M,31,1370.55,20.9,2
GN07RA,Marthe Albert de Bailly,F,41,1066.13,28.9,2
DP79CL,Brigitte Pasquier,F,45,1349.37,34.8,2
NM12UT,Luce Lopes,F,40,672.54,0.0,3
SQ43TQ,Jules Huet-Chevallier,M,44,557.94,27.2,2
KU61RI,Tristan Munoz,M,34,1105.83,24.8,2
SD35TG,Frédérique Lopes de Menard,F,31,1984.14,36.8,1
MH41QH,Bertrand Le Cordier,M,51,1749.39,48.3,1
SJ38XG,Paul Diallo-Vallet,M,33,3018.85,39.8,1
NL84FW,Manon Vincent,F,41,448.74,7.1,3
SB65KL,Françoise-Astrid Guyot,F,30,2097.06,39.1,1
LB79UQ,Jules Le Nicolas,M,32,1137.74,28.8,2
LS07IF,Susan Jacquet,F,39,572.45,9.2,3
VZ26XK,Éric Vallee,M,34,1806.83,46.9,1
MY14PE,Nathalie Andre,F,30,1735.1,40.4,1
LP36BK,Alexandre-Robert Fernandez,M,51,388.47,24.7,2
SB99SO,Marcel Lacroix de Potier,M,33,1987.63,43.9,1
JK78AY,Isaac Roger de la Perrin,M,33,675.94,1.4,3
QV68AI,Marcel-Augustin Chauvin,M,49,1100.21,26.5,2
RQ46NW,Alexandre Payet,M,32,521.73,12.6,3
ZY78FZ,Virginie Leblanc,F,31,1694.21,40.0,1
BV55TH,Margot Voisin,F,68,1664.05,34.2,1
VL53IO,Hortense Bonneau,F,52,629.91,0.0,3
FO66XW,Guillaume Lebreton,M,40,1207.18,33.9,2
WK70NN,David Marie,M,35,695.81,2.2,3
VV45LU,Virginie Besson,F,30,1353.7,25.4,2
ET84GR,Louis Roche-Hardy,M,31,886.16,28.7,2
YT35GB,Simone Leleu-Marty,F,38,2226.61,38.4,1
XK95MY,Eugène Lejeune,M,36,512.11,12.0,3
TR57DC,William Delahaye,M,31,603.25,12.2,3
TG75NH,Nathalie Courtois,F,57,1848.38,41.5,1
YC18UT,Marcelle Caron,F,40,2212.38,42.7,1
MM92SO,Alice de la Daniel,F,68,518.49,13.3,3
KM88AU,Véronique Voisin,F,40,1415.56,27.8,2
XO48TS,Vincent Pichon,M,34,490.68,9.7,3
SQ50ZD,Lucy Hamon,F,35,2314.5,28.7,1
NT16EG,Nicolas Pottier,M,41,654.44,5.2,3
ER30PE,Brigitte Evrard de Grenier,F,35,1786.09,32.0,1
CA80TW,Eugène Mathieu,M,36,1063.3,31.4,2
EH48ZS,Stéphanie Fischer,F,33,2044.43,50.0,1
XD93EF,David Renaud,M,45,669.19,2.8,3
ER06IH,Henriette de la Morel,F,32,122.54,28.0,2
FQ86VW,Alfred Cohen,M,45,300.74,5.2,3
CB81TR,Suzanne-Simone Marques,F,31,1235.14,17.1,2
BZ57VE,Thibaut Merle,M,41,1134.91,25.0,2
PU99WT,Chantal du Gay,F,31,664.99,2.1,3
PX68RV,Audrey Colin,F,41,2254.12,48.9,1
EU47TA,Andrée Delahaye-Gregoire,F,68,577.67,5.1,3
UA34EF,Jacques Dufour,M,35,561.76,9.7,3
RS53CI,Aimé Lecomte,M,68,197.36,6.1,3
SX98QG,Hélène Moulin,F,61,1654.9,37.2,1
CU79VB,Élise Tessier,F,43,542.41,4.9,3
XB07HR,Xavier Lebreton,M,42,509.67,12.4,3
YC50FK,Maryse Dufour,F,31,1721.54,47.8,1
CO49GS,Marianne Jacquet,F,41,1277.7,19.0,2
DF42CI,Élise-Suzanne Lecoq,F,37,61.35,31.9,2
BN00EV,Lucie Martineau du Nguyen,F,36,1688.36,50.2,1
SX07PW,Élise Pages,F,32,1211.31,20.8,2
EO34EQ,Paul Lombard,M,42,1444.6,21.1,2
CF61KB,Pénélope Parent,F,56,123.59,16.4,2
OF38SG,Olivier Weiss,M,35,1335.39,26.6,2
WK84MW,Mathilde Lebon,F,34,1298.04,22.5,2
MN62CJ,Éléonore Chevallier,F,43,1346.79,26.5,2
JM89UI,Michelle Peltier,F,58,522.72,12.3,3
CC30GI,Zacharie-Alexandre Peltier,M,36,1361.22,28.1,2
UG42QS,Thibault Mary,M,58,2255.51,44.2,1
WW77YO,Théophile Devaux,M,34,629.41,4.1,3
HH14VP,Élodie Dumont,F,36,1445.52,22.5,2
ZG42UV,Laurence Georges,F,35,622.41,1.3,3
GN25LD,Lucas Chauvet,M,37,1900.94,39.5,1
IN39BT,Honoré Nicolas,M,38,1735.89,40.5,1
XL30XU,Adélaïde Martins,F,34,424.97,20.4,3
EM14OB,Christophe Bonnin,M,34,635.04,6.3,3
JA28AX,Louis Martins,M,38,1214.07,27.4,2
GI17KL,Guillaume-Thibault Philippe,M,38,1305.01,17.8,2
UY60AI,Simone Perez,F,33,601.24,6.7,3
UC63XK,Christelle Joubert-Fabre,F,32,675.94,8.8,3
ZY75GX,Vincent Coste,M,47,1946.7,38.3,1
VW19WR,Marie Bourgeois,F,33,1371.16,27.7,2
PO75AT,Théodore Lebreton de la Le Gall,M,36,485.56,16.2,3
EA48ER,Caroline Deschamps du Charpentier,F,32,1393.76,30.8,2
JH40CV,Thibault Devaux du Texier,M,31,1824.82,26.6,1
YI05IS,Yves Masse,M,61,1225.98,29.5,2
GT95EX,Aurélie Le Descamps,F,32,1300.99,18.5,2
IL09NZ,Henri Royer,M,36,1749.23,35.2,1
YF07TN,Vincent Prevost,M,31,1792.35,47.9,1
DW34CK,Noémi Le Nicolas,F,55,617.25,0.0,3
XF71XO,Simone Philippe Le Morvan,F,31,853.69,27.7,2
JU14UZ,Claude-Céline Meunier,F,42,2732.54,30.4,1
XA89DP,Colette-Constance Giraud,F,30,690.01,9.1,3
VU13DU,Éric Chevalier,M,34,1629.04,40.4,1
LS49WO,Julie-Anouk Dupuy,F,35,666.75,9.2,3
QY31FM,Thérèse Thibault,F,34,326.48,28.3,2
OQ05YQ,Robert Huet,M,39,1694.09,50.0,1
RL22DV,Maurice de Besson,M,55,631.95,7.7,3
FX10QA,Vincent Pons-Adam,M,32,651.87,0.0,3
ON79ZW,Jean du Blanc,M,38,635.34,0.0,3
YV78SE,Julie Letellier,F,47,1749.64,41.4,1
VH79IV,Hortense Poirier,F,42,1230.97,28.5,2
TO01EH,Marcel Coste de la Dijoux,M,45,1811.74,36.7,1
PI56LC,Amélie de Raymond,F,41,495.85,7.9,3
EN23VO,Alexandrie Marty,F,39,516.97,6.8,3
SP50UW,Gilbert Fleury,M,32,549.34,8.1,3
PB40FN,François Imbert,M,32,1739.92,38.6,1
ZH35YM,Marguerite Louis,F,41,685.18,0.0,3
RC99GK,Sébastien Klein,M,33,2205.8,51.2,1
YG55SB,Lucy Albert,F,63,1787.87,43.4,1
XO31CU,Corinne-Céline Gauthier,F,53,458.65,5.6,3
WZ50AD,Timothée de la Adam,M,35,1056.98,24.7,2
LP23FS,Arthur Riou,M,34,657.32,8.0,3
RQ71JH,Gilles Lemonnier,M,34,983.11,23.2,2
RW71SY,Susan de Salmon,F,40,1739.52,43.3,1
EI10JN,Julien Sauvage Le Meyer,M,53,1238.57,31.2,2
LX95LI,Benjamin Bousquet,M,31,1920.86,48.9,1
HM85RI,Martine Perrin,F,34,2422.24,36.1,1
RT19TR,Geneviève Leconte,F,36,1433.99,27.0,2
QS33ME,Grégoire-Louis Lejeune,M,32,1307.25,31.0,2
GM02XR,Arthur Lenoir,M,33,385.15,16.4,2
XH50JF,Sylvie du Weiss,F,52,1031.18,28.1,2
MA08BT,Eugène Alves,M,33,1214.65,24.4,2
OQ45ZY,Agnès Chevalier,F,46,495.76,15.2,3
EO22UC,Gérard Masson,M,40,1695.58,48.4,1
JU00PD,Adrienne Gimenez,F,45,676.37,0.5,3
MY62ON,Élise Bonnet,F,37,209.39,17.3,3
KO79AX,Manon Roy,F,55,553.8,0.0,3
MZ34AY,Martin Rolland-Delaunay,M,35,683.54,12.1,3
MH10HX,Margot Colas-Foucher,F,41,591.5,8.1,3
MD96BO,Margaret Bazin,F,31,1934.76,37.0,1
VN70KT,Guillaume Devaux de Hamel,M,32,649.87,6.5,3
KC46KE,Thibaut Rey,M,35,650.57,4.0,3
NE24VZ,Susanne Remy,F,50,1781.96,39.4,1
VN19HC,David Traore,M,41,317.96,5.2,3
DK25SC,Jean Herve,M,41,417.06,0.0,3
QP73SB,Julien Gilbert,M,35,666.88,9.6,3
ZX23WW,Roland Leroux,M,50,1046.25,23.4,2
RZ22QE,Timothée Millet de Seguin,M,36,1243.3,27.0,2
HE19WT,Gabriel Diallo,M,44,1300.31,29.0,2
CX43HZ,Constance Garnier,F,47,1351.81,20.4,2
ME69AJ,Christelle Maury,F,48,577.07,0.0,3
CC55ZC,Stéphanie Andre,F,33,1305.46,25.1,2
TG28GB,Thierry Gaillard,M,45,1735.78,45.8,1
WJ13HN,Philippe Langlois,M,30,1745.7,39.4,1
RB18BK,Margaret Diallo,F,37,1268.07,27.0,2
MW13GL,Agnès Torres-Dupuis,F,33,1405.03,23.2,2
CN50EY,Éléonore Bigot de Nguyen,F,33,1750.88,37.5,1
XR94HS,Gilbert Moreau,M,40,619.74,1.3,3
SW55LO,Christophe Baron-Renard,M,41,666.65,5.6,3
SZ66IO,Michelle Brunet,F,37,553.3,1.5,3
YT06GE,Marie Pasquier,F,35,561.9,8.9,3
WB10SW,Xavier Teixeira-Herve,M,36,1864.75,34.7,1
AA54SS,Célina Gros,F,45,618.5,9.4,3
SJ59ED,Alexandrie Dupuis,F,34,505.74,10.5,3
VO05EU,Marcelle Vallet du Bazin,F,32,1632.94,34.6,1
YK03RR,Nicole-Alex Colin,F,45,2197.14,41.1,1
LF46SA,Brigitte Barbe,F,41,692.23,12.5,3
SH62VC,Josette Pages,F,31,2202.66,43.7,1
OW45CI,Valentine Clerc,F,33,2086.24,33.9,1
CE24LE,Joseph Le Nguyen,M,46,1986.86,45.2,1
TJ95JM,Étienne Lacombe,M,58,131.24,15.4,3
VF03UZ,Denise-Marie Guillet,F,68,1219.25,29.1,2
LQ08DW,Michèle Leroux,F,34,652.86,23.1,2
JS50VG,Luc Charpentier,M,35,1181.32,29.0,2
TT81MV,Jeannine Bailly,F,38,1406.95,26.0,2
EI59JO,Margot Peltier,F,39,0.0,31.9,2
SU84UW,Philippe Renard,M,32,1833.54,33.8,1
EB04EF,Nathalie Benoit Le Leclerc,F,34,0.0,10.9,3
FL97TX,Adélaïde Laroche,F,38,1762.15,37.0,1
CS71KA,Anaïs Julien,F,68,2284.7,42.9,1
SD07KJ,Xavier Perret,M,34,1213.66,34.5,2
OA84WP,Lucas-Hugues Boyer,M,35,1369.35,21.7,2
ZU02ZL,Bernard de la Vidal,M,34,346.45,9.7,3
DH72GL,Théophile Da Costa du Breton,M,31,1261.69,24.6,2
ZP83RZ,Suzanne Marchand,F,34,590.79,3.6,3
OP18TE,Christine Guerin-Jacques,F,32,1287.97,25.7,2
QL49HM,Christiane Guillon,F,33,1957.13,39.1,1
KZ78OK,Robert Pereira,M,38,436.7,26.8,2
QA97MM,Charlotte-Aurore Simon,F,35,1964.15,40.0,1
AM99BB,Suzanne Da Silva,F,39,1470.99,30.0,2
WV93EN,Capucine-Christelle Weber,F,36,2212.91,50.3,1
NQ71IR,Zacharie-Émile Guerin,M,32,655.92,13.7,3
PC28NZ,Laetitia Guyon,F,36,1133.4,21.7,2
HL21WG,Sébastien Pichon,M,51,1099.87,26.1,2
JL29QV,Claudine Legros,F,46,1175.72,26.4,2
HL43OE,Augustin Bourdon,M,39,1828.03,50.6,1
MF41TU,Alice Gauthier,F,31,1400.8,29.8,2
CG04EY,Paulette-Alix Hernandez,F,35,1659.61,41.9,1
YZ30WC,Xavier Maillard,M,34,802.62,24.3,2
BH59CF,Jeannine Renard,F,33,606.44,5.8,3
PK52OE,Marc Paris,M,60,1738.22,42.5,1
GV26AF,Gilbert Bonnin,M,36,450.76,28.7,2
EQ61CS,Théophile Rodrigues,M,40,655.1,10.7,3
LI81LX,Léon Bruneau,M,40,671.8,13.9,3
DV32EL,Thibaut Albert du Grondin,M,31,685.28,7.2,3
BR73IS,Sophie Robert,F,30,631.73,3.4,3
TD53JS,Virginie-Françoise Teixeira,F,43,586.74,23.8,2
DF37DG,Gabriel Guyot,M,33,2021.4,38.4,1
ZH51TA,Henriette Rodrigues-Barre,F,44,598.66,9.9,3
QG66QF,Christiane Mercier,F,31,1643.08,44.1,1
FR56VP,Valérie Lebon-Schneider,F,49,1700.44,35.7,1
HG32LC,Théophile de la Delmas,M,31,1678.09,27.2,1
TF95TJ,Gérard Mace,M,68,721.77,32.2,2
VM43TL,Margot-Catherine Aubert,F,32,950.8,22.6,2
NK95UD,Michelle-Julie Jean,F,31,2303.94,48.6,1
AZ01GX,Joséphine Ledoux,F,38,601.03,5.4,3
MC71HE,Thibault-Raymond Techer,M,51,250.69,16.0,2
QC12KZ,Emmanuelle Marchal-Dias,F,32,1987.7,40.1,1
ID33AW,Franck Schmitt Le Girard,M,32,995.19,24.7,2
XP92RL,Martine Godard,F,59,2188.68,39.0,1
XO97XL,Adèle Hamon du Laroche,F,31,1212.77,24.6,2
KO30ND,Xavier Bertrand de la Jourdan,M,32,0.0,23.1,2
QH40QQ,Bernadette Riou,F,39,1610.02,47.4,1
GQ22LJ,Manon Guerin,F,31,1663.1,31.1,1
IQ68XD,Alexandria Lebreton,F,39,1689.49,44.3,1
WB64YB,Patrick Bertin Le Weber,M,68,1441.33,24.5,2
EX78BF,Luc Wagner,M,36,1185.83,29.4,2
OC97GI,Alain Lenoir,M,52,0.0,23.5,2
AO25TM,Martin Valentin,M,35,1687.97,38.3,1
RA82NY,Monique Gomes,F,40,834.16,28.1,2
OG13YZ,Monique Mace,F,48,5.01,23.0,2
RG90OV,Monique Roche,F,45,1430.88,21.9,2
AF39XP,Pauline Weiss Le Pasquier,F,49,0.0,21.7,2
DB82JG,Amélie Delannoy,F,34,515.3,10.6,3
NX26IH,Gérard Pelletier,M,32,0.0,29.4,2
GY59OR,Xavier Schneider,M,44,675.39,4.8,3
CY57HV,Audrey-Émilie Leconte,F,33,1309.26,25.6,2
VK05SJ,Henriette de la Dumas,F,36,1187.1,26.2,2
VX93DF,Lucy de la Allard,F,34,646.44,7.5,3
JV40BR,Laurence Gimenez,F,39,686.78,8.5,3
SA65WT,Véronique Poulain de la Imbert,F,41,1159.96,21.7,2
XF64PY,Marcel Barbier de la Lemoine,M,43,636.34,0.7,3
EJ64HM,Célina Leduc,F,61,1704.78,40.0,1
CK24YQ,Gérard du Sanchez,M,33,1885.94,34.9,1
PV01FM,Simone de la Payet,F,39,1171.3,20.2,2
MY56QD,Lorraine-daisy Lemaire,F,32,1082.28,21.3,2
YR59GI,Caroline Weber,F,36,640.24,6.3,3
XY20GA,Gabriel Pruvost-Gaudin,M,33,1845.27,33.4,1
LE24SW,Alix Hoarau,F,38,1396.05,17.1,2
JS19ZA,Daniel Wagner,M,30,1766.28,38.8,1
AH76TW,Frédérique Reynaud,F,68,1825.72,40.2,1
IB08DU,Nath de la Goncalves,F,34,1695.62,35.7,1
WJ47KD,Manon du Lopez,F,43,552.56,7.1,3
KY86SZ,Olivier Bigot,M,32,1192.29,21.7,2
NR92XW,Éric Gillet,M,39,0.0,10.9,3
MM27JU,Maurice Cousin,M,31,681.33,3.4,3
SH10MM,Marcelle Potier-Guillon,F,38,726.98,23.8,2
WL28HY,Juliette Voisin,F,41,585.26,8.7,3
EY49JF,Alain Delaunay,M,43,439.17,12.0,3
EY23EW,Christelle Vallet,F,35,519.24,8.6,3
PL39XC,Margaud Nguyen,F,32,2035.64,41.3,1
MA15GQ,Thierry Bertrand,M,35,454.61,0.0,3
VF36EF,Alex Jacquot-Dias,F,57,2660.8,50.6,1
QG67SC,Raymond Jean-Riou,M,43,739.29,28.0,2
OG47WL,Nathalie-Inès Klein,F,56,1865.77,40.6,1
WD34YW,Christophe Leger,M,68,528.0,16.4,2
OY36MP,René Lebreton,M,40,1654.45,51.4,1
MI16EK,René Begue,M,36,1763.03,33.5,1
MK91BN,Marcel Toussaint,M,62,1058.24,27.1,2
JI27FJ,Olivier Perrin,M,35,1619.16,37.5,1
OK39GN,Jeanne Guillet-Adam,F,35,1872.52,37.9,1
OI28FC,Benjamin Tanguy,M,32,603.18,2.3,3
AE36HM,Zacharie Martins,M,44,543.81,4.8,3
CS57GZ,Benoît Le Lenoir,M,31,1238.39,31.8,2
RH82OG,Louis Benoit-Pascal,M,41,646.46,4.0,3
JP79CW,Xavier Michel,M,33,2159.18,32.6,1
YJ03XW,Adèle Richard,F,32,582.91,0.0,3
MN91OC,Nicolas Pinto,M,44,1279.95,22.3,2
SE23LG,Isabelle Marchand,F,39,1722.74,37.5,1
ZQ21FE,Yves Lamy,M,33,960.07,29.5,2
WL75SH,Paulette Mace,F,32,1437.97,29.4,2
YF94KO,Michel Gillet,M,31,370.74,22.0,2
YM66SS,Roger de Muller,M,36,2098.1,49.0,1
CJ92LV,Zoé Ribeiro,F,32,1350.6,24.0,2
VB62YQ,Martin Hubert-Gilbert,M,33,850.58,21.2,2
WQ46VI,Alex Rousset,F,39,1706.75,39.6,1
OZ27YY,Noël Alves,M,32,1809.1,41.5,1
ED80US,Monique Lebon,F,34,623.28,5.6,3
UO18UU,Marine Gallet,F,36,1730.36,43.1,1
PT83ZE,Théophile Noel-Barbier,M,30,676.32,8.9,3
IF34DX,Thierry Verdier,M,68,650.5,9.1,3
SY45GL,Gilles Fleury,M,35,1711.51,48.5,1
BR57EL,Audrey Raynaud,F,43,1700.34,31.5,1
QU40JF,Adrienne Collin de la Leconte,F,36,1845.11,36.4,1
NH38LK,Henri Lamy,M,31,1692.68,40.8,1
LT71EA,Sabine Gauthier,F,33,1808.27,40.9,1
AS16MI,François de la Mahe,M,31,599.0,7.2,3
SD47WT,Richard-Jacques Laporte,M,34,1411.44,24.0,2
QX13LI,Louise Samson,F,38,1393.28,25.4,2
TZ22BG,Christophe Bonnet,M,68,621.47,5.7,3
FM97II,Roland Gros,M,34,636.9,0.0,3
DX19CX,Édouard Monnier-Lemaitre,M,42,958.23,27.3,2
XM68BX,Luce Maillot,F,33,1679.07,37.7,1
XZ15AM,Christine Rousseau,F,53,682.27,0.0,3
OG05AK,Émilie Gilbert,F,40,1712.91,44.2,1
XN04EW,Pénélope Camus-Chevalier,F,30,1714.95,36.8,1
ML02JE,Cécile Ferreira,F,33,547.17,12.6,3
CD23RJ,Guy Gallet,M,33,556.32,1.7,3
BR09LL,Raymond Vallee,M,37,515.48,13.1,3
NX26OJ,Brigitte-Renée Mace,F,32,648.42,5.9,3
SI75HR,Léon Gonzalez de la Picard,M,34,2067.64,49.7,1
WB81PK,Denis Legros,M,39,2635.89,43.0,1
MM39DS,Sophie Menard,F,35,684.04,9.8,3
XB46VL,Michelle Coste,F,31,650.79,6.1,3
IM00RX,Roger Roussel de la Voisin,M,36,2245.24,44.8,1
UQ96MZ,Roland Jacquet,M,44,1807.22,44.5,1
ZF84RK,Thomas-Gérard Faure,M,34,1320.99,24.7,2
AG62IG,Cécile-Thérèse Bertrand,F,39,640.8,9.0,3
UR19II,Sabine-Danielle Lambert,F,43,1617.18,43.6,1
PT26JP,Louis Perrot,M,44,1092.89,24.1,2
LD41GU,Hélène Simon,F,31,589.48,14.0,3
HY40UF,Jean Lecomte,M,34,620.35,1.9,3
OG47YI,Antoine Dumas,M,33,1998.81,32.6,1
VT34JM,Nath Guillet,F,38,166.89,8.8,3
TS59QH,Jacques Francois,M,51,1255.27,16.2,2
ED55XN,Zoé du Lombard,F,32,2433.31,40.2,1
SQ86LN,Gilbert Lecoq,M,37,23.65,28.2,2
OT30GW,Stéphane Regnier-Lemaire,M,34,2449.52,33.9,1
UP30DT,Thérèse Boyer,F,31,687.4,14.4,3
KT28BH,Jacques Perrin,M,42,1242.57,22.4,2
YG59NV,Sébastien-Marc Le Goff,M,36,1646.65,42.4,1
DJ71WD,Augustin Georges,M,37,659.35,8.4,3
MS21IE,Roland Roger,M,35,1455.12,23.1,2
YR59ON,Marcel Prevost,M,35,0.0,9.3,3
MJ94TZ,Amélie de la Fournier,F,57,1769.02,49.5,1
GE45RA,Joséphine Begue,F,68,2428.4,33.0,1
KK54WV,Christophe Gilbert,M,31,1434.58,21.6,2
DL20AC,Marie Mahe,F,34,1787.99,33.3,1
NC11PG,Jean Picard,M,44,1877.56,44.9,1
BU37XT,Robert Bonnin,M,31,625.72,33.2,2
WQ65NB,Hortense Dos Santos,F,33,1244.84,22.5,2
GY09BC,Auguste Bonneau,M,32,641.6,0.0,3
HB80TR,Marianne du Etienne,F,33,1636.01,45.2,1
LW72JZ,Monique Dijoux-Guillon,F,38,1694.37,31.7,1
LW58LV,Antoine Moulin,M,33,487.45,11.4,3
PD58GA,Clémence Lombard Le Gimenez,F,41,637.83,5.1,3
FT07QX,Amélie Poulain,F,31,485.86,0.9,3
AA65MB,Corinne Marin,F,34,1118.93,21.5,2
RM26BY,Gabriel Alves,M,31,1146.18,20.4,2
IS62BC,Émile-Étienne Rey,M,31,2340.36,35.0,1
OQ51JP,Guy-Bernard Guillot,M,35,604.64,3.1,3
YF72EO,André David,M,66,0.0,16.4,2
RZ00JH,Thérèse Texier,F,45,643.44,8.2,3
KM21XR,Arnaude de la Ollivier,F,36,1841.71,36.0,1
AA17HO,Frédérique-Christiane Meyer,F,32,687.77,11.5,3
WS15LT,Marie David,F,37,1712.76,45.5,1
JP48US,Hortense Aubry,F,46,830.82,29.8,2
KC60UF,Noémi du Blondel,F,34,0.0,2.9,3
CZ48VG,Sabine-Sabine Valette,F,58,1472.83,23.0,2
AL26CY,Anne Le Langlois,F,33,1302.25,25.6,2
FT28RW,Daniel Henry,M,31,639.42,5.7,3
HN24HV,Thomas Bailly,M,31,1710.85,38.3,1
SC57XV,Alfred-Stéphane Rodriguez,M,68,1246.88,21.1,2
TA80RR,Margot Masson,F,31,783.79,26.2,2
ZG53XR,Charlotte De Sousa de Vasseur,F,33,560.63,4.0,3
QW48QS,Noémi Devaux,F,31,668.29,14.2,3
VF44ZK,Thierry Brun du Maury,M,32,1252.6,29.8,2
DN48DE,Émile Bertrand,M,58,1314.47,19.3,2
AN68HM,Frédéric Gros,M,39,1797.06,37.6,1
WL11EB,Océane Hamel,F,39,1450.89,27.8,2
BG50EK,Raymond Vasseur,M,42,477.11,3.4,3
DN68PR,Diane Godard du Hoareau,F,31,620.1,6.0,3
OZ24IF,Nath Guilbert de Jourdan,F,45,1040.48,28.0,2
KO75NF,Catherine Fournier de Hernandez,F,33,494.98,10.4,3
HE58MP,Arthur Robin,M,55,660.97,10.4,3
KJ55SJ,Adrien Benoit,M,33,599.1,23.5,2
YT63RN,Henriette Adam,F,31,1739.68,44.0,1
JT40FF,Adèle Charrier-Alexandre,F,30,1791.8,41.4,1
OB11UN,Rémy Charles,M,39,598.42,6.5,3
QC96MT,Juliette Le Cohen,F,32,1817.17,38.2,1
CO25YX,Anastasie-Chantal Hoarau,F,38,1720.76,31.1,1
VC97UB,Amélie Lacroix,F,38,1646.9,41.9,1
QN25RZ,Roger Thierry,M,33,686.4,13.5,3
YM07KQ,Chantal-Aimée Nguyen,F,34,1019.32,28.7,2
EC45ON,Marcelle Leveque,F,40,1368.49,26.2,2
ZQ05BM,Alexandre Briand,M,35,1679.17,28.2,1
BH54OE,Noël Chevalier de la Delattre,M,42,1736.94,34.1,1
FN22PA,Laetitia Dufour,F,36,1773.32,31.8,1
TS93HN,Honoré Fernandes,M,32,2932.15,45.8,1
QS35GG,Noël Bodin-Lefevre,M,37,1684.23,41.5,1
OS22JZ,Frédéric Lemaitre Le Paul,M,30,597.99,0.4,3
RB20QM,Matthieu Bonnin,M,40,2139.07,42.4,1
CL56VR,Olivier Letellier,M,36,1755.66,42.1,1
SU77TP,Marcelle Lecomte,F,35,1353.39,23.5,2
MC60OK,Charlotte Hebert,F,30,581.19,0.0,3
GN07DI,Manon Raynaud-Fernandes,F,34,1732.26,44.5,1
HI08KI,Vincent Gillet,M,39,1699.44,34.6,1
JZ81JO,Victoire Texier,F,43,1037.22,22.1,2
AJ44XB,Robert Martin,M,33,1721.84,43.8,1
MK05MW,William Jacques,M,31,580.1,4.7,3
BD98EB,Noël Philippe-Vaillant,M,32,620.74,11.3,3
NQ52OH,Benjamin Merle,M,32,583.88,1.4,3
QH92HV,Jacqueline Lopez,F,32,1787.13,34.4,1
UH02EF,Édouard Pires-Bourdon,M,33,1054.12,17.7,2
UT46TE,Marcel-Frédéric Briand,M,68,1157.5,27.0,2
MX51DE,Catherine Marques de la Baudry,F,32,2675.59,46.2,1
TD84HB,Maurice de Garcia,M,41,88.9,24.0,2
UP24YQ,Victor Lamy du Thomas,M,33,1961.6,44.0,1
DO38QL,Adrienne Durand de la Guillet,F,30,2183.04,35.4,1
GM83EK,Monique Simon,F,40,639.74,27.4,2
PM93ES,Xavier Peltier,M,31,610.51,14.0,3
FP08HO,Alix Pages-Fleury,F,43,1689.61,34.3,1
CH07QV,Eugène Guillon,M,33,1370.46,23.9,2
MZ05CW,Honoré du Gerard,M,33,1815.24,41.5,1
GR37YK,Nathalie Moulin,F,46,635.49,9.3,3
LN95KN,Stéphane Adam-Lemaitre,M,32,435.16,4.1,3
PH40KZ,Édouard Petitjean,M,55,573.15,2.9,3
GZ08OG,Charles Fischer-Lamy,M,31,1624.34,43.5,1
SB72NT,Juliette Pages,F,42,1670.44,44.3,1
OP14NZ,Philippine Adam-Weiss,F,30,657.86,13.1,3
OO94TC,Paul Mathieu,M,32,507.31,12.1,3
ZA76UJ,Philippine Huet,F,33,1865.54,39.1,1
CK92MW,Claude Benard,F,49,1268.14,25.3,2
HH58AC,Thomas-Bernard Olivier,M,56,1800.69,41.6,1
LU08CM,Bernard Le Jacquot,M,34,789.88,27.1,2
EN94PD,Arnaude Lemonnier,F,33,1303.59,23.6,2
EM43SB,Lucy de la Arnaud,F,38,453.66,9.8,3
FJ80RA,Patricia Jacques,F,32,328.76,8.8,3
XM55MN,Claude-Amélie Lemaire,F,35,2191.47,31.9,1
VE57XV,Constance Blanchard,F,36,1053.79,29.0,2
OG52VV,Alice Le Roy,F,43,593.11,8.3,3
BE63PI,Suzanne de Roger,F,32,1735.03,48.1,1
EW36JY,Lucas Leduc,M,34,1969.74,49.5,1
CY03JT,Daniel Richard,M,42,671.66,2.8,3
BD67MF,Simone Alexandre,F,32,591.68,10.8,3
UK09VI,Denise Bertrand-Gilles,F,33,2231.35,42.6,1
YD68UT,Adrien Mahe,M,68,584.41,5.2,3
SC78DR,Marc Boutin,M,68,1430.48,26.1,2
NZ98GS,Arnaude Boucher,F,37,654.47,1.4,3
UL29AF,Inès de Humbert,F,33,969.72,24.4,2
JQ19WT,Alfred Mendes,M,35,1731.4,49.5,1
QU97LG,Agnès de Costa,F,43,0.0,27.0,2
XS84GJ,Guillaume Fabre,M,47,468.49,21.5,2
AE18HX,Élise Weiss,F,33,597.56,8.0,3
BE85ZH,Alfred Fouquet,M,31,1731.4,33.5,1
AF09OQ,Françoise-Audrey Prevost,F,34,1813.4,35.3,1
CM18HN,Marguerite Lecoq,F,59,1788.09,48.8,1
QP18TK,Jacqueline Henry,F,33,659.14,7.9,3
EG46TW,Amélie de Klein,F,33,1213.32,22.1,2
HT13MQ,Bertrand-Émile Berthelot,M,45,625.79,9.4,3
BG81KL,Adélaïde Salmon,F,31,1000.45,37.3,2
RU65DT,Amélie Herve,F,62,272.09,29.7,2
KV97MI,Yves Teixeira,M,36,943.93,23.7,2
VY83VI,Paul Muller,M,39,429.89,15.5,3
KE55CO,René Dias,M,37,94.98,12.0,3
ZX87FB,William Alves,M,30,1426.04,24.0,2
ZJ12VI,Paulette Guibert,F,39,0.0,7.5,3
MM05NT,Aimé Jacquot,M,39,1358.82,15.7,2
AY94LI,Aurélie Aubry Le Bonnet,F,33,496.52,0.0,3
JI74ZZ,Guy Dias,M,46,510.08,10.9,3
AB08HP,Arthur Fouquet,M,44,1674.41,30.9,1
XK53BO,Adrien Le Chretien,M,43,607.69,30.8,2
TZ82SY,Madeleine Le Martel,F,68,1783.45,27.4,1
ZB04NT,Inès Blanchard,F,44,605.05,5.2,3
FI42MB,Joseph Georges,M,43,1305.86,20.5,2
DA52QK,Noël Chauvin,M,43,1677.73,47.2,1
OY09LS,Jacques Langlois,M,47,2173.89,53.6,1
DL72GK,Sabine Peltier,F,31,619.74,3.7,3
LX92XP,Michel Leclerc Le Renault,M,32,1998.53,43.3,1
NW65BP,Léon Schmitt,M,33,1663.97,43.2,1
OU89TT,Honoré Le Chevallier,M,46,528.34,13.0,3
XL62WS,Antoinette Gros,F,43,1803.4,36.6,1
DS19EA,Diane Le Le Goff,F,47,1910.89,37.8,1
VE92YE,Augustin Vallee,M,38,1182.51,31.7,2
JN18CA,Émilie-Marthe Mathieu,F,40,380.64,5.3,3
FU18KP,Marine Richard,F,64,1643.12,32.7,1
UQ93ZN,Martin Becker,M,35,0.0,24.7,2
LY32HS,Honoré du Andre,M,68,1382.28,31.4,2
IU41LN,Xavier Raymond,M,36,551.43,32.3,2
KD25RU,Anouk Fernandes,F,32,1694.07,60.0,1
UN36JB,Aimée Pasquier,F,38,1671.95,46.1,1
QQ90EN,Julie Legendre,F,32,1675.78,39.6,1
YP38FI,Michel Bodin,M,41,1105.62,25.4,2
CJ48VN,Guillaume-Luc Morel,M,30,641.94,0.1,3
YF85NX,Benjamin de Laine,M,68,1766.19,47.9,1
XY83KR,Étienne Diaz,M,34,1769.84,44.1,1
QW89KC,Claudine Maury,F,33,1443.27,25.8,2
QW29TY,Nathalie-Suzanne Simon,F,38,1832.92,48.4,1
WN20OI,Anouk Bourdon,F,44,269.94,15.2,3
KF63NW,Anaïs Perret de la Levy,F,30,561.02,5.7,3
AL66YH,Odette Ollivier,F,68,1648.88,36.7,1
FR05NS,Gilles Bertin,M,33,1847.05,37.1,1
PZ28QP,Michelle Pasquier-Mary,F,31,1338.37,28.8,2
SW65VK,Isabelle Muller,F,40,608.96,11.7,3
JP41CA,Jacqueline Rousseau,F,32,676.52,10.1,3
CK66WE,Odette Le Gall-Boucher,F,32,1183.37,25.3,2
KY51TT,Thibaut Henry-Potier,M,36,1425.09,33.1,2
DZ96KB,Jean Charles du Thibault,M,65,638.25,15.6,3
DK65BB,Daniel Vallee,M,38,762.02,25.2,2
OP81GY,Élise Rousset,F,38,1787.39,35.2,1
FA37GM,Jacques Peltier,M,52,765.88,17.9,2
PT23GI,Gilles Pottier de Delattre,M,33,673.18,14.3,3
UF11TC,Margot Riviere-Diaz,F,38,300.89,26.7,2
NM87GC,Marianne Grondin,F,40,817.83,24.6,2
PX20LG,Timothée Leroux,M,33,1257.08,20.4,2
QH24JA,Geneviève-Marthe Tessier,F,35,1451.35,26.5,2
NW81FQ,Pauline Le Gall,F,34,0.0,27.3,2
EM85HB,Lucas Vaillant,M,35,539.71,0.5,3
TB18OD,Valentine Le Lenoir,F,40,1638.37,49.7,1
PY04IP,Antoine-Olivier Jean,M,36,2057.81,42.5,1
IS63WF,Marine Guilbert,F,32,1651.95,36.7,1
PS05SW,Auguste Perrier de Brun,M,34,1703.01,24.5,1
WA98SE,Lucas Bazin,M,31,1921.29,24.7,1
RX39GJ,Mathilde Collet,F,48,971.95,21.6,2
LF82XJ,Michelle Carpentier,F,36,564.37,8.3,3
FV36RZ,Jérôme Huet,M,32,0.0,29.2,2
XN57FP,Noël Paul,M,48,506.37,15.2,3
MR83NI,Frédéric-Jérôme Brunet,M,36,1748.11,35.8,1
TU70TU,Alexandrie Guillon-Da Silva,F,34,1297.11,23.2,2
ZQ69II,Roger Tessier,M,36,1452.09,22.5,2
NW61VP,Marc Courtois de la Parent,M,40,1387.81,26.4,2
YI05EM,Michel Robin-Pasquier,M,39,635.87,23.0,2
QG50CD,Émile Masson,M,32,1185.71,21.4,2
BO51GR,Thibaut Delannoy,M,51,473.67,2.8,3
HJ65KY,Franck Blanchard du Maury,M,39,690.04,4.3,3
NQ17PI,Olivier Renaud du Philippe,M,31,1227.29,22.2,2
CT36JN,Aimé Rossi,M,40,1617.88,46.4,1
OS27BL,Stéphanie Le Roux-Delahaye,F,46,1809.77,30.6,1
XE67RQ,Frédéric Hamel,M,68,2052.11,48.1,1
IL59BA,Émile Pons-Jacquot,M,30,1403.11,28.1,2
AG25PN,Christiane Le Goff,F,35,685.77,6.8,3
VK39QH,Arthur-Noël Leger,M,36,1195.62,32.0,2
UY95FM,Alexandre Perret-Buisson,M,68,2556.59,39.1,1
DE34SD,Marcel Vallet,M,31,1407.5,26.9,2
AS67PD,Valentine Mallet,F,34,1939.29,37.5,1
VT85DC,Daniel-Alfred Meyer,M,62,1810.95,40.2,1
NE40UU,Richard Lacroix,M,35,1427.98,28.5,2
ZC19NO,Noël Carpentier,M,68,1221.61,24.5,2
IV43YJ,Alain Le Goff,M,46,969.96,22.1,2
KD86TK,Matthieu Bruneau de la Georges,M,31,1708.38,38.5,1
OE32JS,Benjamin Pruvost-Jacques,M,35,642.3,10.7,3
FE36TL,Christine Michaud Le Carre,F,36,1252.2,31.8,2
XF98MN,Margaud Sauvage,F,33,1731.59,35.7,1
HS48GM,Noémi Lejeune de Bernier,F,68,1711.26,46.6,1
RT83MC,Raymond Leclerc du Gros,M,64,1440.05,19.7,2
WV85WI,Anaïs-Céline Bousquet,F,47,1683.56,37.7,1
PV24QU,Pauline Noel,F,34,1424.04,21.7,2
XP39CY,Claire Bouchet-Toussaint,F,42,527.72,16.4,3
JN00BR,Marine-Patricia Lacombe,F,36,299.67,7.9,3
YK24YP,Arnaude Roux,F,38,1788.4,42.4,1
NL10VJ,Noël Paul,M,38,0.0,16.7,2
NP87EM,Henri Bodin,M,33,1269.92,34.0,2
DT40WT,Yves Roux Le Goncalves,M,45,1457.29,20.5,2
LU16DN,Paul Barbier,M,36,1317.65,28.8,2
OE78SG,Guillaume Carlier,M,36,1378.11,30.0,2
LI04NU,Henriette Morel,F,38,1769.86,41.4,1
HL07GZ,Franck Allard de la Barre,M,52,465.58,15.0,2
UJ56ZF,Jeannine de Marques,F,40,1034.58,20.3,2
HA90CE,Émile Renault,M,32,1377.55,26.7,2
ML16RN,Brigitte Picard Le Maury,F,50,1371.68,25.0,2
WA15RK,Antoinette Bousquet,F,34,678.18,18.4,3
AP60GT,Alix Bourdon,F,35,249.89,4.6,3
XY95HG,Renée Noel,F,45,1902.92,30.2,1
LV78ZE,Roland Michaud de Richard,M,35,1652.53,41.9,1
ND09GD,Alexandre Bailly,M,48,1219.85,25.7,2
LP99XY,Thibault-Gabriel Pires,M,35,659.38,9.4,3
AF21ZM,Thibault Leroux-Bonneau,M,34,470.93,3.4,3
LC63MN,Thibault Lenoir,M,30,502.41,9.3,3
RI46MH,Adèle du Bonnin,F,32,1224.86,26.5,2
KI59TC,Julien Maurice,M,36,822.13,25.7,2
ZC01UW,Jeannine Faure,F,31,1734.64,33.9,1
SG79ZT,Astrid Dupuis,F,33,372.84,9.3,3
PM40VT,Marianne Andre-Hamon,F,32,600.37,4.8,3
SO99SW,Théodore Gosselin,M,32,546.01,3.1,3
IY57EF,Frédéric Rodriguez,M,36,639.5,4.0,3
SC86VO,Adèle Goncalves,F,35,1897.67,44.1,1
PN60YU,Agnès Mary,F,53,2697.29,34.4,1
JT59SY,Lucas Perrin-Lucas,M,45,847.67,27.0,2
RU64YB,Antoine Deschamps,M,31,1227.01,25.9,2
MW60CA,Laurence Cousin,F,32,2361.66,35.2,1
ZI28GY,Emmanuelle Garnier,F,34,1110.58,25.6,2
CO60QF,Xavier Dupuis,M,34,2825.45,29.4,1
IL47GA,Alexandre Gilles-Richard,M,32,1143.39,24.9,2
YU09LO,William Girard,M,36,508.69,0.0,3
RT12GH,Pauline Lenoir-Laroche,F,68,217.3,26.6,2
OH82GL,Alexandrie Imbert,F,31,1902.64,43.1,1
OR56SB,Marguerite Bourgeois,F,35,1887.54,48.2,1
NB86IR,Henriette Camus,F,34,1220.19,26.4,2
UA45LM,Joseph Durand du Dubois,M,68,563.81,6.8,3
XP48PO,Geneviève Couturier,F,32,2091.28,35.3,1
CN90SX,Mathilde Boyer de Lesage,F,52,1227.49,20.9,2
PD56EZ,Anne Charrier,F,36,277.8,28.5,2
EF62XG,Vincent Mace,M,30,926.27,23.1,2
TC80II,Thibaut Renard,M,65,1884.01,42.2,1
NU55RV,Xavier Bouchet,M,33,1281.76,22.2,2
BB32EX,Corinne Mendes Le Pierre,F,34,662.35,9.8,3
QA29BB,Océane Fouquet,F,37,0.0,24.6,2
BP65AZ,Nicolas de la Mallet,M,34,475.64,22.2,2
FK15YD,Véronique Pereira,F,32,544.41,11.0,3
HQ48XI,Michel Gosselin,M,34,635.43,0.0,3
WW64AJ,Marcelle Munoz-Meunier,F,35,1619.65,30.9,1
WI55UB,Éric Didier du Robert,M,33,1326.42,24.5,2
ZZ81JN,Louis Bourdon,M,36,356.83,7.3,3
SR56FN,Chantal Caron,F,46,1708.22,35.6,1
KU81DB,Martin de la Lopes,M,38,1371.81,32.2,2
NX27ZK,Thérèse Traore du Rossi,F,37,596.22,8.1,3
EP40DX,Patrick Brunel,M,46,1713.44,27.7,1
MU46VC,Gilbert Marion-Francois,M,37,275.81,3.9,3
TU06HO,Alphonse Allard,M,39,1121.84,31.0,2
IY73ZE,Denise Dumont,F,35,1346.43,27.1,2
OF09FI,Rémy Gomes,M,35,988.88,23.2,2
TY22YN,Matthieu Chevallier,M,32,578.49,13.5,3
FJ11CH,Cécile Briand,F,66,524.21,6.2,3
VB06FU,Astrid de Humbert,F,34,607.56,0.0,3
YF00KM,Louis Vasseur,M,33,672.22,8.2,3
KH72HT,Luc Colin de la Germain,M,33,508.19,10.0,3
AS84RH,Élisabeth Moulin Le Guerin,F,38,96.49,3.9,3
GX59CP,Arthur Munoz-Rolland,M,35,556.41,13.2,3
ZV69WW,Louise du Gilbert,F,35,667.02,3.0,3
PP32FK,Grégoire Morvan-Deschamps,M,30,566.52,26.8,2
WH29OF,Christelle Salmon,F,34,656.19,0.9,3
WR36DD,Alfred Laporte de la Pasquier,M,50,1914.04,36.6,1
LL97CW,Émilie Millet,F,59,625.64,7.5,3
EC25VJ,Manon Gerard,F,42,680.24,28.1,2
AQ64ZN,Benjamin Brun-Lecomte,M,33,1924.81,38.3,1
QR09SF,Luc Fournier,M,45,1972.99,48.4,1
DF58SA,Amélie Vallet,F,68,0.0,8.7,3
SK40IW,Philippine Descamps,F,34,516.96,14.7,3
UF91XX,Richard Julien,M,38,1472.82,23.6,2
FV14FT,Sophie Samson,F,31,886.08,25.2,2
HD51QG,Jérôme Dijoux,M,42,582.84,13.0,3
DX70ZD,Alexandria Courtois,F,37,1259.43,18.1,2
RW55MV,Antoine-Gabriel Munoz,M,39,1658.68,34.1,1
TZ15JM,Olivie Menard,F,32,1686.0,46.7,1
UJ02TA,William Turpin-Baudry,M,32,387.2,13.1,3
RP35OS,Gilbert Lebreton,M,33,448.34,13.2,3
FU89BC,Michelle Leroux,F,41,1281.51,24.3,2
DX35YV,Audrey-Michelle Antoine,F,31,1643.33,25.5,1
EF32ZX,Luc Perrier,M,38,667.8,0.7,3
CC54ZF,Nath Berthelot-Brun,F,31,84.77,8.6,3
CX76RZ,Louis Lambert-Marie,M,40,838.68,24.7,2
VR41HM,Valentine Coulon,F,31,683.68,11.0,3
XN55IZ,Marianne Dufour,F,43,1883.39,33.6,1
EG59CD,Agathe Chevalier,F,32,1368.53,28.1,2
KG42IT,Benoît Foucher,M,33,546.24,6.8,3
HB14MR,William-Victor Olivier,M,32,1713.38,34.7,1
AJ55HP,Henri Gros,M,68,965.88,19.4,2
MZ53OE,Éléonore Labbe Le Mathieu,F,32,1649.18,46.1,1
FK89VV,Louise de Legrand,F,37,356.64,6.4,3
CQ33MN,Émilie Gosselin,F,41,1846.69,48.7,1
YX95UK,Alexandria Bazin,F,68,2053.5,41.6,1
TG56QQ,Geneviève Hoareau,F,33,1318.45,32.1,2
NF19EH,Claudine Samson de Le Goff,F,33,326.02,1.5,3
EX19DX,Jeanne-Patricia Herve,F,41,233.52,3.1,3
OY25RJ,Robert Bigot de la Pasquier,M,31,1381.2,27.2,2
NC50DV,Charles Marie,M,40,979.04,25.3,2
WP80YV,Laetitia Lopez,F,42,461.97,3.3,3
UA09RW,Margot Mahe,F,33,310.2,4.9,3
FD05NI,Dorothée Gros,F,37,1882.53,26.8,1
RP77MA,Sabine Mathieu,F,35,1229.57,25.0,2
HI94IL,Anne Meunier-Hebert,F,30,0.0,22.1,2
QB70BQ,Bernard Pottier-Pelletier,M,34,562.43,11.9,3
OB41SM,Frédéric Millet,M,36,1809.71,50.3,1
QN32AZ,Maggie du Pelletier,F,36,455.8,9.5,3
QK24LI,Françoise-Dominique Vidal,F,36,613.41,11.8,3
RY32EW,Lucy Maury,F,54,1415.81,26.9,2
BG06EL,Honoré Mallet,M,44,1204.61,26.9,2
AS61ZD,Jules Peron,M,51,613.22,7.3,3
IZ80LO,Guillaume Weber,M,33,613.6,3.7,3
KO88WT,Odette Michel,F,33,663.98,11.5,3
YE18RV,Luc Le Legrand,M,31,1654.76,37.8,1
XO61OF,Aurélie Dupre,F,34,1434.38,19.8,2
VT51TY,Danielle Aubry,F,36,1470.63,27.6,2
SL32VR,Emmanuelle Clerc,F,32,1831.82,41.8,1
RN33AI,Frédéric Leroux,M,46,1106.68,28.2,2
MW58RF,Anaïs Hernandez,F,34,4103.45,42.3,1
CI84JI,Agnès Albert-Rousseau,F,32,1648.68,48.1,1
CG64SX,Raymond Girard,M,45,549.01,0.0,3
GT32KA,Joseph Mace,M,34,568.32,11.8,3
GO63OV,Grégoire du Henry,M,35,1703.77,32.2,1
FU66PG,Olivie Gomez,F,33,638.69,0.0,3
IS93UT,David Fischer,M,31,2544.51,42.3,1
QE22YR,Bernard Courtois,M,39,1684.38,42.9,1
WS98WV,Vincent Imbert,M,34,615.16,13.2,3
YS78MP,Suzanne Brun,F,42,638.96,19.4,2
EP60HJ,Frédéric de la Meyer,M,33,613.75,6.4,3
KX14IC,Margaux-Monique Besson,F,31,917.44,19.2,2
ZM96TB,Denis-Pierre Goncalves,M,52,1799.68,40.2,1
QF53VZ,Alex Teixeira,F,32,2119.5,50.6,1
UU56FC,Emmanuelle Louis,F,43,677.09,11.4,3
XS35YV,Guy Leroux,M,68,640.94,9.2,3
VQ34BN,Anastasie de Noel,F,39,678.83,7.8,3
YU74WY,Claire Dupuy,F,32,244.22,12.2,3
RP52EE,Michel-Victor Hamon,M,33,2644.36,43.4,1
IL38GP,Denis Duval-Richard,M,46,1259.4,27.1,2
UO32BU,Monique Louis-Grenier,F,34,661.18,4.1,3
HF45ZE,Jean Le Roux-De Sousa,M,42,1181.88,32.0,2
UT74BE,daisy Dupuis du Hebert,F,32,1926.52,42.9,1
PK88ID,Emmanuelle Rousset Le Perrin,F,35,2555.14,52.8,1
MC31CQ,Thomas Diallo,M,37,619.95,7.4,3
CG70HC,Guillaume de Thomas,M,36,2460.44,31.0,1
KR79TP,Louis Riviere,M,31,307.15,6.3,3
TF84IG,Célina Berger,F,36,536.45,3.3,3
WF28GV,Thomas Mathieu,M,61,2948.03,44.2,1
WX43YI,Anaïs Delahaye Le Valette,F,38,1298.23,27.6,2
OC06PV,Claire Marchand,F,37,1660.2,36.3,1
IB65RD,Capucine Paris,F,37,1811.51,39.0,1
MR93WU,Alfred Delahaye,M,34,611.13,19.8,3
VV16ZI,Laetitia Lelievre,F,32,2254.8,40.1,1
JW98TD,Thomas Carre,M,68,623.29,18.1,3
KA18RX,Roland Gros,M,33,1873.42,38.2,1
OD87UD,Anaïs Berthelot-Turpin,F,40,169.83,28.2,2
SP90PK,Gérard de la Carpentier,M,48,1932.25,27.7,1
DC89VR,William Da Costa Le Andre,M,55,2060.15,35.4,1
TG08GZ,Georges Roger,M,34,1463.34,16.0,2
SE97IJ,Dominique-Éléonore Mathieu,F,45,1060.95,24.1,2
IO37MD,Victor Dufour,M,40,540.03,6.3,3
DH70ZW,Bernadette Marchal,F,31,1941.08,43.8,1
MV00SR,Philippine Chretien,F,39,1161.39,24.4,2
CV91WU,Hugues Brunel,M,33,1813.51,47.5,1
LA92TE,Sophie de la Philippe,F,34,1417.7,29.9,2
HJ25ZU,François Vasseur,M,51,654.41,13.7,3
TU06RE,Henri-Thierry Bonnin,M,34,1147.04,29.4,2
GH21OI,Guillaume-Rémy Hardy,M,40,1173.94,27.3,2
XU78CB,Gabrielle Fournier,F,36,1864.69,47.3,1
HR56FT,Marcel David,M,62,1387.77,24.9,2
QE61KQ,Simone Colas du Nguyen,F,30,1057.73,21.2,2
KO69MP,Marc Boutin Le Jacquot,M,49,2120.67,41.1,1
TO73OR,Eugène Le Charrier,M,40,498.46,5.8,3
FP87OF,Andrée Riou de Carlier,F,31,2102.36,49.5,1
PG35NN,Marthe Carlier-Robin,F,33,474.24,9.3,3
JH08NJ,Patrick Leger,M,31,1868.39,49.7,1
SI34FB,Rémy Antoine-Lebreton,M,37,1617.38,43.7,1
KQ96WR,Lucas Le Ollivier,M,36,2005.61,35.9,1
FJ87FS,David Guillon,M,35,0.0,0.2,3
XK55HY,Rémy Rousseau,M,35,1467.9,25.5,2
HY41OL,Pénélope Ferreira,F,46,577.98,2.9,3
OI93PV,Eugène Pelletier,M,33,2434.8,31.8,1
LQ99FE,Victoire de Weber,F,37,1236.23,27.0,2
HB81MA,Emmanuel Coulon de Picard,M,37,526.22,14.0,3
PX30XN,Victor Begue,M,39,1271.73,26.4,2
OX05DO,Chantal Bertin,F,50,892.02,29.3,2
DT71KU,Camille Boucher,F,32,1406.43,22.6,2
ZJ07BP,Dorothée Letellier,F,35,2069.42,41.2,1
EQ66MM,Adrienne de Boulay,F,34,1210.92,29.8,2
QW23JW,Adrienne Le Colin,F,31,656.56,7.7,3
MD91DH,Franck Hoareau,M,33,1214.06,28.6,2
XG94GP,Joséphine Daniel-Lopes,F,34,337.03,6.4,3
HL48YC,Antoinette Clement de la Martinez,F,33,608.46,10.6,3
GD11KO,Arthur Lagarde de la Pires,M,34,1636.12,40.0,1
QE92ZS,Émile Pichon,M,43,1860.01,42.2,1
EQ73TH,Alice Parent Le Da Costa,F,38,1376.51,30.4,2
FK75LG,Eugène Marchal-Hebert,M,50,1189.49,19.3,2
OC23KM,Margot Roche-Clerc,F,31,662.19,22.4,2
MD71PX,Jérôme Marchand,M,35,665.21,8.2,3
DZ18EH,Lucas de la Monnier,M,68,444.05,11.7,3
QK96AP,Thomas Diaz,M,32,1712.81,36.2,1
BN22CM,Colette Chauvin,F,38,835.07,20.8,2
CS51XT,Vincent Sanchez,M,41,1703.19,42.4,1
OX95DX,Gabriel Le Sanchez,M,35,541.04,4.0,3
CN72XO,Julien-Victor Bouvier,M,44,456.86,9.6,3
JI53BW,Patrick Auger,M,46,1256.03,24.1,2
PB85OP,Claire Giraud Le Reynaud,F,32,617.03,7.0,3
HX58JN,Astrid Renard,F,36,609.14,4.1,3
CH20BE,Marcel Simon,M,33,960.03,20.2,2
TY08RR,Paulette Hardy,F,31,1194.62,22.6,2
GP91AY,André Le Goff,M,53,1300.87,27.8,2
WY49OI,Maurice Bouvet,M,38,1379.72,22.9,2
AS39JH,Émilie Morel,F,34,1629.21,40.4,1
II73QF,Alain-Matthieu Marchal,M,68,523.71,11.2,3
EQ55KA,Patricia Tanguy,F,35,1729.05,43.1,1
VS00AQ,Susanne-Hortense Roger,F,35,523.45,15.7,3
JQ56OV,Patrick Le Guillot,M,35,1725.25,44.1,1
LA36HB,Patrick Leger,M,39,2690.92,38.2,1
IW63TA,Michel Rodriguez,M,32,630.37,5.9,3
ZG15CP,Nicolas Delattre,M,35,1833.54,35.7,1
MC70RJ,Bertrand Leclerc,M,36,1756.72,46.4,1
CA69UG,Antoinette-Margot Mahe,F,35,1711.52,36.8,1
TW79OU,Anastasie Perret,F,39,1672.39,34.2,1
KI73UC,Inès Hoarau,F,42,18.77,26.6,2
FC16AS,Auguste Faure,M,41,606.92,2.6,3
IF56UR,Antoine Gautier,M,34,1848.32,39.6,1
IF69QK,Jeanne Meunier-Maillot,F,44,500.98,9.4,3
WT60YA,Martin Marechal,M,37,1486.71,26.5,2
SX31RA,Lorraine Brunel,F,34,1795.57,40.9,1
RF53OQ,Georges de Leroy,M,38,634.72,8.5,3
JC86CJ,Éléonore Marques,F,54,1265.8,30.8,2
LZ57FE,Thibaut-Jacques Lefort,M,49,1737.41,44.8,1
HB37DB,Valentine-Alex Gomez,F,44,606.26,7.8,3
ID69SY,Xavier Lacombe,M,41,1710.46,51.5,1
CR03RX,Gérard Valentin,M,33,679.2,3.1,3
DQ84ON,Hugues Levy,M,48,644.52,7.7,3
YR44FK,Michel Mendes de Aubert,M,32,1312.09,24.3,2
CP59PJ,Tristan-Xavier Buisson,M,34,625.68,11.2,3
NX22VB,Roland-Yves Lucas,M,33,1767.48,39.7,1
XO58BM,Antoine Alves,M,34,1668.74,42.3,1
WW98XJ,Sabine Camus-Riou,F,31,593.39,18.5,2
AD12YP,Virginie-Adèle Leblanc,F,37,402.53,24.4,2
LQ07MF,Frédéric Gay,M,49,1814.12,49.2,1
DP20TN,Théodore Blanc du Roux,M,34,529.31,7.6,3
OA34XF,Marc Loiseau,M,32,3169.7,38.1,1
PH42ZM,Sophie Michaud de la Ollivier,F,35,634.57,1.3,3
BO57XK,Gilbert Guyot,M,43,760.02,34.5,2
BZ59NV,Maggie Mendes-Delaunay,F,38,680.85,0.6,3
KL04UG,Astrid-Noémi Schmitt,F,61,1291.5,20.9,2
XE74VM,Sophie Hernandez,F,32,1459.88,26.1,2
BM07NJ,Victor Aubert,M,39,1325.83,29.5,2
JW87QV,Hugues Meyer du Chauvin,M,30,844.66,27.4,2
FM04GO,Olivier Navarro,M,40,1732.61,32.7,1
ZG57GP,Luc Martin,M,31,124.99,22.3,2
EE74FV,Christophe Verdier,M,38,87.99,6.4,3
MX49WV,Corinne Le Begue,F,34,579.72,26.0,2
YP68OW,Marguerite Lemonnier,F,30,935.76,30.4,2
ZW96AB,Élise Rodriguez,F,34,4596.01,37.2,1
ZV43UG,Louise Sanchez,F,32,653.78,1.5,3
NB46PN,Maurice Bailly,M,37,967.1,20.7,2
LI37EY,Suzanne Ledoux,F,68,0.0,5.7,3
VH31BS,Martine Pereira,F,37,174.04,7.3,3
FM19CI,Isaac Maillet,M,35,608.46,9.2,3
YL39KM,Nath Albert,F,34,348.88,4.1,3
ZG22SL,Éric du Chauvin,M,51,1918.27,44.4,1
JC03QT,Timothée Hebert,M,37,1782.37,35.5,1
GE10RF,Denise de la Gallet,F,33,1706.15,52.3,1
IA07XW,Laurent Clement Le Georges,M,37,932.41,25.4,2
KL14QQ,Julie Barbe,F,34,553.42,26.7,2
RT65CN,Maurice Lambert,M,42,1839.88,37.3,1
WE85BR,Roland Didier,M,39,811.73,26.3,2
VQ95AW,Olivier Laroche-Ruiz,M,58,1608.37,42.3,1
HZ74UD,Laurent Dubois,M,32,824.28,22.6,2
HP56OO,Nathalie-Hortense Turpin,F,37,1674.15,35.8,1
HX39JZ,Suzanne de la Paul,F,35,610.92,0.0,3
GU18PN,Rémy-Vincent Dos Santos,M,45,1883.38,43.3,1
IZ76BA,Marianne de la Bigot,F,44,677.09,13.6,3
MG67AO,Isabelle Blin,F,40,1908.96,53.7,1
FN26RO,Anaïs Vidal,F,47,1328.15,33.7,2
WX93UE,Alain Garcia,M,52,1856.59,44.4,1
IA48SQ,Honoré-René Marchand,M,46,0.0,21.4,2
XA99VF,Émilie-Marcelle Besson,F,35,666.1,1.9,3
BV63RD,Emmanuelle de la Joly,F,48,2054.87,39.4,1
VA51ZP,Véronique Caron,F,36,1281.05,27.0,2
AM77UN,Hélène Hernandez,F,68,1251.21,15.6,2
TA47GP,Alain-Thomas Blot,M,43,1352.04,25.6,2
XL64CR,Louise De Sousa,F,68,650.37,26.9,2
LI34ZU,Guy-Alain Ruiz,M,59,1423.66,28.6,2
AG81DT,Grégoire Marty Le Neveu,M,33,0.0,25.0,2
VJ82WY,Michelle Morvan,F,35,618.57,17.8,3
QG52KA,Alphonse-Alexandre Chauvet,M,37,1805.07,36.8,1
PO21TK,Jeanne-Aurore Garnier,F,34,2325.53,33.4,1
VV21II,Noémi Fernandes de Bazin,F,35,726.04,24.3,2
WU06NX,Arthur Dupuis,M,35,1288.9,30.0,2
QQ19UC,Michèle Alexandre,F,34,991.19,25.4,2
MA24PD,Océane Philippe,F,34,1246.42,31.9,2
PA35YF,Simone Mendes,F,68,1177.15,18.0,2
BY14LJ,Luce Julien,F,54,1732.37,37.9,1
LJ30AY,Roger Royer,M,36,1682.53,44.8,1
XL45AN,Élisabeth du Ribeiro,F,42,0.0,23.6,2
LH23AL,Jean Briand-Picard,M,33,625.03,1.1,3
IU61CK,Michelle Robin,F,68,1103.64,26.1,2
FN43JP,Pénélope Paul,F,35,1870.62,27.0,1
RR59KI,Richard Martel,M,35,614.71,6.9,3
TO25EM,Laurence Chevallier de Dupuis,F,33,2079.1,35.9,1
FT31GZ,Auguste Diallo de la Letellier,M,68,1675.3,43.4,1
YD55LR,Guillaume Allard,M,37,525.96,3.0,3
CR64BQ,André Pruvost Le Levy,M,41,380.39,13.3,3
QS46RK,Daniel Lebon,M,37,1319.31,27.8,2
EN92KZ,Isaac Le Boucher,M,38,348.32,6.1,3
OC31ZU,Christophe-Stéphane Gaillard,M,33,1695.54,33.0,1
CQ30SB,Michelle Sanchez,F,30,220.22,6.4,3
RC65MK,Paul Bouchet-Humbert,M,68,0.0,30.3,2
BZ10YU,Michèle Morin,F,49,301.89,6.7,3
VO73LV,Zoé Delannoy,F,35,649.38,6.5,3
IK23BA,André Mallet Le Breton,M,31,636.49,9.2,3
CZ47VK,Laetitia Schmitt,F,35,565.14,7.5,3
DH20QJ,Georges Henry,M,31,1609.75,34.6,1
FB93LS,Éric-Augustin Goncalves,M,41,1176.59,23.8,2
GY13NU,Marianne-Margot Weber,F,37,1883.8,43.0,1
QS06BO,Bertrand Remy-Nicolas,M,61,665.35,3.8,3
AS30LY,Simone Valentin-Roche,F,41,1968.17,46.1,1
GA73SU,Isaac Charpentier-Jacquet,M,57,1618.09,44.1,1
YK94TL,Noémi Faivre,F,40,618.22,14.0,3
SV94KI,Alphonse Rousseau,M,47,600.54,12.3,3
VM73BN,Margaud Collin,F,35,1376.93,18.4,2
PW25ZZ,Danielle Meyer,F,36,1648.45,24.4,1
WA91HU,Tristan Jean,M,42,1927.85,45.8,1
KF53VU,Cécile Maillot,F,38,641.26,5.9,3
KN74FV,Stéphane-Gérard Le Goff,M,68,580.18,7.1,3
LQ17XH,Auguste Poirier,M,34,1669.75,34.1,1
BJ70PD,Alix-Laurence Leconte,F,36,1740.47,31.8,1
ZJ66XD,Colette-Colette Rodriguez,F,32,628.97,8.1,3
FS47QH,Alfred Joly,M,35,1267.78,28.7,2
PN05RP,Arnaude Peron,F,48,1957.26,39.0,1
FQ72UF,Tristan Laporte,M,63,412.88,2.5,3
MZ15NW,Benoît du Andre,M,68,185.05,20.8,2
FA23JW,Margot Lambert du Riviere,F,36,554.92,6.6,3
VB36PX,Nath Gilles,F,51,1967.11,36.0,1
IV00GP,Valentine Pasquier,F,30,2186.76,45.6,1
CP49SW,Bertrand Marques-Roger,M,39,107.82,8.3,3
WI70ZH,Sophie Carlier-Gauthier,F,50,658.5,9.9,3
HE73CD,Lorraine Alves,F,41,682.16,4.3,3
GD87UW,Aurore Pichon,F,34,1653.3,34.5,1
KW44RB,Alice Le Barre,F,43,843.92,28.2,2
IL63RW,Henriette Gimenez,F,40,609.26,6.4,3
BP68YO,Gilbert Carre,M,54,406.57,4.8,3
QD62WL,Jérôme Reynaud,M,32,1948.37,56.6,1
LW71DW,Jean Techer,M,32,965.51,32.7,2
DU67GJ,Guillaume Blin,M,35,550.49,3.4,3
QK95RD,Hélène Evrard,F,48,1265.01,23.4,2
UK37ZJ,Céline Gomes,F,42,550.05,4.4,3
GW40QL,Martin Le Roussel,M,31,2139.85,35.2,1
YL74VA,Christelle Le Renault,F,32,1405.75,26.4,2
SO24BM,Denis-Alexandre Masse,M,32,936.17,23.0,2
DI47LO,Margaud Lelievre,F,31,1414.37,23.5,2
RY76VB,Astrid Fabre,F,68,817.96,30.5,2
DT24TO,Margaux Legros,F,31,1799.86,38.2,1
KU63CJ,Marc Grenier,M,41,1450.71,27.1,2
JR12BS,Laure Lecomte,F,37,1628.89,38.9,1
ZB64NK,Nicolas Blin,M,37,901.93,30.2,2
OQ01IW,Jean-Jacques Leleu,M,41,550.39,7.2,3
VW41CD,Arthur Ferrand,M,31,612.26,19.7,3
RM61JB,Agnès-Jeanne Pires,F,68,1914.75,27.9,1
OP98JB,René Navarro de Rocher,M,41,652.51,11.8,3
WR49RN,Marcel Lambert,M,40,1453.66,21.6,2
YC33NP,Gérard de Pages,M,45,1360.58,24.9,2
KO36BC,Georges Perrier de Hoareau,M,68,1647.46,45.3,1
BC58EU,Stéphane Payet,M,39,2012.56,39.4,1
PT17QT,Édouard Begue,M,36,689.1,6.2,3
RC45KF,Agathe Cohen,F,68,612.68,24.7,3
ZA15IY,Jérôme Dupont de Lefort,M,41,919.86,23.5,2
TG54PD,Margaret Dubois-Fernandes,F,37,1762.34,36.9,1
HA57KV,Lucas Bertin,M,44,609.3,3.2,3
AB50IO,Gilbert Launay,M,37,620.31,13.9,3
YX60KS,Guy Fabre de la Fouquet,M,33,1139.08,20.7,2
ND72TB,Stéphanie Noel-Perez,F,42,658.41,14.3,3
BE93OR,Agnès Salmon-Le Goff,F,39,633.92,10.7,3
QU61NI,François Morin,M,31,0.0,4.9,3
NP70LP,Laurent Perrin,M,50,1775.49,40.0,1
OY38HJ,Célina Da Costa de Charpentier,F,36,1341.51,17.0,2
IL21BJ,Patrick Tessier-Pruvost,M,31,607.12,21.9,2
MZ50KD,Matthieu Legrand,M,50,1719.15,40.8,1
DK54TQ,Christiane Legendre,F,41,470.6,1.3,3
FB90NJ,Auguste-Roger Roche,M,32,1818.57,37.6,1
TQ56BY,Gérard Le Lelievre,M,35,0.0,18.7,2
GE81VG,Nath Renard-Girard,F,41,1003.93,19.1,2
VM31VT,David-Léon Meyer,M,33,650.71,15.0,3
AQ41OY,Édouard Guyon,M,35,413.0,10.3,3
GT85AI,François Carlier-Hernandez,M,32,1270.56,20.4,2
JR85RV,Marine De Sousa Le Durand,F,33,696.9,9.1,3
AN61IY,Michel-Roland Martineau,M,33,1215.94,29.8,2
QY76FY,Guillaume Raymond,M,34,419.86,23.7,2
HA15XU,Thierry Duval du Paul,M,68,1682.43,41.6,1
AK77QH,Daniel Roux,M,39,1815.42,51.4,1
ZR23FY,Nicole Verdier,F,35,1977.61,49.1,1
HB24BE,Théodore Garcia,M,68,1355.31,27.6,2
TH77TR,Sabine Rousset,F,35,586.75,16.1,3
NO27MS,Zacharie Pierre,M,31,618.08,11.9,3
CV47ZS,Marcel-Thierry Perrier,M,33,2061.98,42.3,1
RC09AX,Aimé du Moreno,M,34,624.43,4.8,3
EW03BF,Olivier Martin du Maillard,M,31,1655.5,39.2,1
GF27RF,Inès Huet,F,32,677.96,30.6,2
IQ80XE,Bernadette Lopes,F,60,2067.51,43.5,1
RI00YB,Georges Joly,M,33,1693.89,44.6,1
MA22LX,Laurence Brunel,F,37,559.04,13.9,3
GQ16SS,Matthieu Guillon,M,48,1696.11,50.7,1
DX55GE,Marianne-Odette Mallet,F,49,1660.57,38.2,1
OG62HQ,Sylvie Boutin de la Bigot,F,32,0.0,25.3,2
SM42YH,Lucie Traore du Renault,F,41,571.25,0.8,3
EM54JM,daisy De Sousa,F,42,4320.17,38.4,1
LQ30BM,Matthieu Leroy,M,37,533.27,13.1,3
MM70CV,Astrid de Martins,F,35,1417.22,20.1,2
ZI94LL,Olivier Bernier,M,50,2537.06,38.2,1
IR43ON,Nicole-Nathalie Moreau,F,46,1661.26,57.4,1
TR68BQ,Luc Fernandes,M,35,552.62,18.4,3
MJ04MM,Inès Masson,F,33,611.52,21.1,2
PI54MC,Laetitia Colas,F,32,2775.88,34.6,1
TE96SJ,Sophie Sauvage Le Morin,F,32,807.39,23.6,2
YA42OD,Isabelle Fouquet,F,48,1844.73,45.8,1
FR83OK,Jacques Le Barbe,M,33,2608.99,39.6,1
IQ21AZ,Alex Ramos,F,39,595.16,9.0,3
JD03YI,Bertrand Barbier du Lemoine,M,35,1647.14,37.4,1
JO15HE,Nathalie-Marianne Grondin,F,38,497.08,5.2,3
MO35KU,Aurore Collin,F,38,1796.03,28.0,1
CH30UI,Jean Lefebvre,M,39,1646.14,43.2,1
SN17CT,Maurice Muller,M,31,391.13,26.9,2
UE05XS,Jacques Martinez,M,48,1003.42,19.8,2
KS65VS,Henri Jacob,M,30,1976.69,39.9,1
HX76OQ,Margaud Paul,F,32,525.22,5.1,3
GL24WW,Caroline-Josette Renaud,F,34,1235.37,27.9,2
PZ59OI,Emmanuel Jacques,M,36,649.69,5.8,3
SD66ZA,Bernadette Delmas,F,39,1623.76,33.5,1
BS60MW,Richard Paul,M,37,621.05,10.3,3
IR20NS,Nicolas Pottier-Jacquot,M,36,682.48,5.8,3
WD06WL,Nathalie Colas,F,34,594.25,20.7,2
QM03LM,Marcelle Pineau,F,39,664.2,9.1,3
VD03UX,Alexandrie Descamps,F,34,1673.25,44.8,1
GU75BG,Antoinette Didier,F,51,1101.81,29.5,2
EM50HG,Bernard Petit,M,36,2454.02,37.0,1
VU99GK,Alice Leroy,F,37,600.93,1.8,3
QA61BA,Isaac Hamel de la Brunet,M,32,1692.46,30.2,1
MM50CR,Pauline Diallo,F,41,1729.13,40.4,1
YC06XZ,Odette-Inès Valette,F,32,2190.74,30.4,1
MS72QO,Thibaut Levy-Dupuy,M,38,1646.09,39.7,1
DQ63CH,Frédéric Bonnet,M,67,619.62,2.9,3
GN75QN,Andrée Pires,F,38,1384.8,21.9,2
KL54QS,Lucy Le Chauvin,F,33,1263.69,28.4,2
OA48SS,Henri Blin de la Arnaud,M,38,2818.07,36.8,1
AU09IS,Élisabeth Techer de Rey,F,31,1842.52,29.6,1
XY01NX,Alix Michaud,F,31,1663.91,37.0,1
OR95TX,Daniel Mahe,M,53,895.13,19.3,2
YB71KU,Hélène De Sousa Le Bodin,F,33,2599.44,35.9,1
LW77OL,Xavier Marques,M,35,0.0,25.4,2
EF98YI,Emmanuelle Levy,F,34,1289.1,27.6,2
RD35HL,Louis Hebert-Muller,M,40,1789.74,35.7,1
DH39DT,Françoise Barthelemy,F,32,680.19,9.4,3
EF42MZ,Jacques Leger de Turpin,M,45,530.29,0.1,3
PE16XS,Thibaut Sauvage,M,67,615.26,3.3,3
HV42DT,Emmanuel Perez,M,30,667.6,9.8,3
VX40JU,Lucas Pruvost,M,39,557.6,6.4,3
PP41GD,Laetitia Maillot,F,38,1463.96,26.7,2
BJ38QX,Adrienne Marques,F,37,0.0,27.1,2
CR22WJ,Benjamin Riviere,M,35,1879.52,40.4,1
XR25FS,Christophe Maillet,M,53,481.87,2.1,3
TR40ZR,Brigitte Peltier,F,46,1369.46,27.2,2
YE55QS,Caroline Leconte,F,41,849.93,20.8,2
AV77FO,Claudine Brunet,F,42,1662.75,38.0,1
MM91IK,Antoinette Perez,F,31,1618.25,44.8,1
GP95YN,Zoé-Antoinette Martineau,F,68,479.81,17.0,3
SK34BT,Aurélie Gosselin du Baudry,F,56,1342.34,27.0,2
DV86UG,Xavier Aubry,M,46,75.65,1.0,3
TM36WS,Céline Hamon,F,41,1679.02,42.7,1
AB35HY,Jeannine de la Guillot,F,42,664.44,8.5,3
TI90SD,Guy Bertrand,M,37,646.17,17.1,3
QD25PB,Lucy Leclercq,F,35,1654.21,50.3,1
XT60LV,Michel Vaillant de Richard,M,32,630.7,0.0,3
VF45ZV,Alain-Alain Lebreton,M,40,1883.52,31.3,1
GU93HB,Jeanne Gauthier de la Charrier,F,32,398.97,28.0,2
GE40VU,Olivie Lecomte de Leclercq,F,34,579.49,11.5,3
FI33PS,Xavier-Thomas Bouvier,M,43,1678.58,27.4,1
IH20VR,Laurent Maillot de la Imbert,M,40,1251.59,21.8,2
UZ50NO,Jacques Le Gall de Lemonnier,M,33,649.63,8.2,3
OS56OD,Émile Vaillant,M,31,1316.58,22.1,2
SD82UH,Emmanuel Besnard,M,36,706.19,21.9,2
LI58VE,Pierre Camus,M,62,685.98,13.5,3
CO98SN,Henriette Mercier,F,36,0.0,6.7,3
KM79SE,Marcelle Le Bourdon,F,41,968.37,25.3,2
NT15HG,Philippine Paris,F,42,1724.19,41.8,1
VP71QL,Luce Buisson,F,56,1763.91,35.5,1
QN72DG,Marcel Poulain,M,39,434.67,10.0,3
KV36HE,Clémence Sanchez,F,42,1793.52,44.6,1
RD55QB,Maurice Bourgeois,M,34,958.71,28.3,2
VN02OS,Alex Texier,F,36,1288.09,17.7,2
HP88PZ,Théophile Le Ollivier,M,48,1366.71,29.7,2
ZF57XE,Théophile Rousseau,M,39,1631.72,47.3,1
OE83MW,Suzanne Perrier,F,33,613.68,3.0,3
SJ71VY,Victoire Perret,F,46,836.47,24.4,2
OJ14VD,Inès Rodriguez,F,68,1806.27,36.9,1
IS26RY,Guillaume de Costa,M,34,1288.47,21.3,2
